{"tier": 2, "error": null, "params": {"dates": [{"endDate": "09-30-2025", "startDate": "07-01-2025"}], "layers": [{"layer": "_250m_16_days_NDVI", "product": "MOD13Q1.061"}], "coordinates": [{"id": "point1", "latitude": 23.81, "longitude": 90.41}]}, "status": "processing", "created": "2025-10-01T20:04:53.417947", "task_id": "da064aa4-c3e7-4952-ac02-2e3b6b92b663", "updated": "2025-10-01T20:15:10.549158", "user_id": "arnobrizwan23@gmail.com", "estimate": {"request_size": 5, "request_memory": 1}, "retry_at": null, "has_swath": false, "task_name": "mod13q1_23.81_90.41_20250701_20250930", "task_type": "point", "api_version": "v1", "svc_version": "3.99", "web_version": null, "has_nsidc_daac": false, "expires_on": "2025-10-31T20:15:10.549158", "attempts": 1}
