ID,Latitude,Longitude,Date,MODIS_Tile,MOD13Q1_061_Line_Y_250m,MOD13Q1_061_Sample_X_250m,MOD13Q1_061__250m_16_days_NDVI,MOD13Q1_061__250m_16_days_VI_Quality,MOD13Q1_061__250m_16_days_VI_Quality_bitmask,MOD13Q1_061__250m_16_days_VI_Quality_MODLAND,MOD13Q1_061__250m_16_days_VI_Quality_MODLAND_Description,MOD13Q1_061__250m_16_days_VI_Quality_VI_Usefulness,MOD13Q1_061__250m_16_days_VI_Quality_VI_Usefulness_Description,MOD13Q1_061__250m_16_days_VI_Quality_Aerosol_Quantity,MOD13Q1_061__250m_16_days_VI_Quality_Aerosol_Quantity_Description,MOD13Q1_061__250m_16_days_VI_Quality_Adjacent_cloud_detected,MOD13Q1_061__250m_16_days_VI_Quality_Adjacent_cloud_detected_Description,MOD13Q1_061__250m_16_days_VI_Quality_Atmosphere_BRDF_Correction,MOD13Q1_061__250m_16_days_VI_Quality_Atmosphere_BRDF_Correction_Description,MOD13Q1_061__250m_16_days_VI_Quality_Mixed_Clouds,MOD13Q1_061__250m_16_days_VI_Quality_Mixed_Clouds_Description,MOD13Q1_061__250m_16_days_VI_Quality_Land/Water_Mask,MOD13Q1_061__250m_16_days_VI_Quality_Land/Water_Mask_Description,MOD13Q1_061__250m_16_days_VI_Quality_Possible_snow/ice,MOD13Q1_061__250m_16_days_VI_Quality_Possible_snow/ice_Description,MOD13Q1_061__250m_16_days_VI_Quality_Possible_shadow,MOD13Q1_061__250m_16_days_VI_Quality_Possible_shadow_Description
point1,23.81,90.41,2025-06-26,h26v06,2971.0,1303.0,0.3513,2062.0,0b0000100000001110,0b10,"Pixel produced, but most probably cloudy",0b0011,Decreasing quality,0b00,Climatology,0b0,No,0b0,No,0b0,No,0b001,Land (Nothing else but land),0b0,No,0b0,No
point1,23.81,90.41,2025-07-12,h26v06,2971.0,1303.0,0.326,2066.0,0b0000100000010010,0b10,"Pixel produced, but most probably cloudy",0b0100,Decreasing quality,0b00,Climatology,0b0,No,0b0,No,0b0,No,0b001,Land (Nothing else but land),0b0,No,0b0,No
point1,23.81,90.41,2025-07-28,h26v06,2971.0,1303.0,0.1197,2066.0,0b0000100000010010,0b10,"Pixel produced, but most probably cloudy",0b0100,Decreasing quality,0b00,Climatology,0b0,No,0b0,No,0b0,No,0b001,Land (Nothing else but land),0b0,No,0b0,No
point1,23.81,90.41,2025-08-13,h26v06,2971.0,1303.0,0.2016,2066.0,0b0000100000010010,0b10,"Pixel produced, but most probably cloudy",0b0100,Decreasing quality,0b00,Climatology,0b0,No,0b0,No,0b0,No,0b001,Land (Nothing else but land),0b0,No,0b0,No
point1,23.81,90.41,2025-08-29,h26v06,2971.0,1303.0,0.5638,36330.0,0b1000110111101010,0b10,"Pixel produced, but most probably cloudy",0b1010,Decreasing quality,0b11,High,0b1,Yes,0b0,No,0b1,Yes,0b001,Land (Nothing else but land),0b0,No,0b1,Yes
