location,latitude,longitude,date,ndvi,evi,avgTemp,totalRainfall,avgHumidity,soilMoisture,temp,tempMax,tempMin,rainfall,humidity,windSpeed,biomass,pastureAreaHa,cattleCount,sheepCount,totalAnimals,baselineFeedKg,adjustedFeedKg,feedAdjustmentFactor,grazingDays,carbonFootprintKgCO2e,stockingRate,droughtSeverity,sustainabilityScore
Dhaka_North,23.81,90.41,2023-10-02,0.5690940367858573,0.5562059034902371,27.711875,238.29000000000002,83.53562500000001,0.253,27.42,30.01,25.15,4.29,92.82,2.01,8536,14.73,29,73,102,907.5,908,1,69,100300,2.96,1,overstocked
Dhaka_North,23.81,90.41,2023-10-18,0.5974130828345006,0.5824049679990071,25.10375,25.910000000000004,80.42500000000001,0.298,26.07,30.01,21.84,1.83,76.7,0.99,8961,9.66,19,48,67,595,595,1,72,65800,2.96,1,overstocked
Dhaka_North,23.81,90.41,2023-11-03,0.5987274274619924,0.5858720170929064,23.219375,91.69000000000001,80.515625,0.336,24.9,28.62,21.25,0,81.05,1.22,8981,10.53,21,52,73,655,655,1,72,72200,2.98,0,overstocked
Dhaka_North,23.81,90.41,2023-11-19,0.5464364156296718,0.5138941669653896,22.468125,5.37,78.888125,0.255,23.42,27.86,19.27,5.32,83.56,0.93,8197,14.62,29,73,102,907.5,908,1,66,100300,2.98,1,overstocked
Dhaka_North,23.81,90.41,2023-12-05,0.7126192359256339,0.6901790009759794,18.925,63.589999999999996,81.061875,0.376,22.39,26.89,18.97,0.04,78.42,0.6,10689,9.89,19,49,68,597.5,598,1,88,66300,2.91,0,overstocked
Dhaka_North,23.81,90.41,2023-12-21,0.5433739176312379,0.4978498863420335,19.03625,1.1,78.340625,0.29,19.09,24.33,14.57,0,76.43,0.81,8151,14.91,29,74,103,910,910,1,66,100800,2.94,1,overstocked
Dhaka_North,23.81,90.41,2024-01-06,0.6840224285099827,0.6212984185831609,16.310625,23.47,78.40249999999999,0.259,17.72,24.57,12.08,0,79.09,1.44,10260,12.11,24,60,84,750,750,1,82,82800,2.97,1,overstocked
Dhaka_North,23.81,90.41,2024-01-22,0.5466766295191997,0.5399069666151695,17.244375,4.460000000000001,69.561875,0.296,13.92,21.23,7.53,0,71.01,1.42,8200,9.36,18,46,64,565,622,1.1,61,62600,2.91,1,overstocked
Dhaka_North,23.81,90.41,2024-02-07,0.6732381438401809,0.6062926986161568,20.65375,21.18,62.66,0.376,19.5,25.57,15.03,0,71.86,1.6,10099,14.84,29,74,103,910,910,1,82,100800,2.95,0,overstocked
Dhaka_North,23.81,90.41,2024-02-23,0.6980789572712963,0.6434648411055549,22.7175,15.499999999999998,52.861250000000005,0.284,23.12,28.1,18.41,7.81,66.8,1.38,10471,6.63,13,33,46,407.5,408,1,85,45100,2.95,1,overstocked
Dhaka_North,23.81,90.41,2024-03-10,0.5060071554848142,0.475337766106056,25.7475,64.37,60.25625000000001,0.411,23.01,30.6,17.04,0,38.09,1.18,7590,9.08,18,45,63,562.5,563,1,61,62100,2.97,0,overstocked
Dhaka_North,23.81,90.41,2024-03-26,0.5303760068811179,0.48490141040426316,28.586875,79.23999999999998,66.83250000000001,0.19,26.66,32.58,21.29,11.95,71.73,1.41,7956,14.36,28,71,99,877.5,878,1,65,97100,2.94,3,overstocked
Dhaka_North,23.81,90.41,2024-04-11,0.4847161495891026,0.47456270212528284,31.217499999999998,24.849999999999998,57.009375,0.328,28.88,36.39,22.02,0,50.64,1.48,7271,7.98,15,39,54,472.5,473,1,61,52500,2.86,0,overstocked
Dhaka_North,23.81,90.41,2024-04-27,0.5443629673445746,0.5373861464779034,30.3325,167.45,68.065625,0.216,32.37,40.83,25.79,1.83,60.45,2.6,8165,10.7,21,53,74,657.5,625,0.95,69,72700,2.95,2,overstocked
Dhaka_North,23.81,90.41,2024-05-13,0.5439094895044315,0.5312757298353875,30.31875,266.77,74.923125,0.202,29.33,33.54,24.63,0.34,71.45,0.9,8159,6.58,13,32,45,405,405,1,66,44600,2.95,2,overstocked
Dhaka_North,23.81,90.41,2024-05-29,0.5012877780435885,0.4571280733053034,29.365625,241.66,88.47812499999999,0.362,29.92,33.03,28.03,7.05,89.77,4.19,7519,12.37,24,61,85,752.5,753,1,61,83300,2.93,0,overstocked
Dhaka_North,23.81,90.41,2024-06-14,0.8482264566558598,0.7637337518562778,29.124375,195.61,89.22500000000001,0.337,29.04,31.21,27.05,21.22,92.1,3.54,12723,9.7,19,48,67,595,595,1,103,65800,2.95,0,overstocked
Dhaka_North,23.81,90.41,2024-06-30,0.767392466509031,0.7231329444136781,28.789375,372.23000000000013,90.2975,0.45,28.52,29.91,27.47,111.13,94.9,3.78,11511,7.24,14,36,50,440,440,1,94,48800,2.93,0,overstocked
Dhaka_North,23.81,90.41,2024-07-16,0.8451167159755809,0.7938674366028569,29.195,83.55,88.61,0.45,29.04,31.51,26.92,7.49,89.97,2.19,12677,5.32,10,26,36,315,315,1,107,35000,2.85,0,overstocked
Dhaka_North,23.81,90.41,2024-08-01,0.7821433430296143,0.7114210674129237,28.285625,303.4599999999999,90.5125,0.45,27.94,30.42,26.36,55.9,91.87,5.5,11732,8.97,17,44,61,535,535,1,98,59400,2.88,0,overstocked
Dhaka_North,23.81,90.41,2024-08-17,0.833089025349097,0.7750129293336397,27.724999999999998,338.19000000000005,91.63812499999997,0.45,27.58,29.48,26.01,13.31,91.79,2.6,12496,12.05,24,60,84,750,750,1,100,82800,2.99,0,overstocked
Dhaka_North,23.81,90.41,2024-09-02,0.8455796436019484,0.7980803413093596,28.411875,218.38,88.923125,0.45,28.63,31.37,26.13,7.89,86.02,0.78,12684,6.2,12,31,43,377.5,378,1,104,41900,2.93,0,overstocked
Dhaka_North,23.81,90.41,2024-09-18,0.8431586462740166,0.7912679823476447,28.523750000000003,222.29,89.12187499999999,0.45,29.38,32.77,25.99,0.34,84.22,0.9,12647,11.92,23,59,82,722.5,723,1,104,80100,2.92,0,overstocked
Dhaka_North,23.81,90.41,2024-10-04,0.58705624447414,0.541499617647071,27.22,200.96000000000004,87.02937500000002,0.45,27.37,29.24,25.77,48.78,92.27,3.19,8806,11.14,22,55,77,687.5,688,1,71,75900,2.96,0,overstocked
Dhaka_North,23.81,90.41,2024-10-20,0.5682285094236674,0.5169144833335384,26.326249999999998,185.76999999999998,84.95,0.382,26.06,29.75,22.97,0.55,84.88,1.1,8523,6.71,13,33,46,407.5,408,1,70,45100,2.92,0,overstocked
Dhaka_North,23.81,90.41,2024-11-05,0.5933336744445362,0.5364605091132002,22.826874999999994,14.47,80.96125,0.303,25.66,29.32,21.53,4.63,81.67,1.06,8900,7.19,14,35,49,437.5,438,1,73,48300,2.92,0,overstocked
Dhaka_North,23.81,90.41,2024-11-21,0.493131946133863,0.4684236127767548,20.122500000000002,1.4500000000000002,78.52187500000001,0.342,20.95,26,15.82,0,70.59,1.02,7397,6.83,13,34,47,410,410,1,61,45600,2.9,0,overstocked
Dhaka_North,23.81,90.41,2024-12-07,0.5570894724982984,0.5381114124898015,17.134375,0.26,78.42,0.233,17.52,24.1,12.05,0,72.38,1.3,8356,11.74,23,58,81,720,720,1,68,79600,2.95,2,overstocked
Dhaka_North,23.81,90.41,2024-12-23,0.5803328417994346,0.5492816265194783,18.444375,0.02,76.26812499999998,0.273,17.73,24.33,12.31,0.02,70.46,1.07,8705,8.61,17,43,60,532.5,533,1,70,58900,2.97,1,overstocked
Dhaka_North,23.81,90.41,2025-01-08,0.5323272119174146,0.521313366629358,17.8925,0,70.28375,0.303,17.76,23.33,12.77,0,78.19,1.8,7985,5.24,10,26,36,315,315,1,66,35000,2.9,0,overstocked
Dhaka_North,23.81,90.41,2025-01-24,0.5602080305120267,0.5186904009788618,19.345000000000002,4.26,65.64312500000001,0.258,17.94,24.67,12.35,0,67.13,1.12,8403,9.33,18,46,64,565,565,1,69,62600,2.91,1,overstocked
Dhaka_North,23.81,90.41,2025-02-09,0.5594944081995924,0.537688199206955,22.266875000000002,4.529999999999999,56.173125,0.262,18.09,26.25,11.18,0,51.34,1.39,8392,9.5,18,47,65,567.5,568,1,70,63100,2.89,1,overstocked
Dhaka_North,23.81,90.41,2025-02-25,0.515940395211241,0.4954659118892829,24.523125000000004,0.62,48.22937499999999,0.282,22.97,31.13,16.79,0,49.52,1.68,7739,12.75,25,63,88,782.5,783,1,63,86500,2.95,1,overstocked
Dhaka_North,23.81,90.41,2025-03-13,0.3830678782238118,0.38963439408446526,27.919999999999998,3.96,54.45750000000001,0.3,27.89,36.26,20.59,0.09,61.16,2.15,5746,5.75,11,28,39,345,345,1,47,38200,2.89,0,overstocked
Dhaka_North,23.81,90.41,2025-03-29,0.5306773694260641,0.49870577428970936,29.903749999999995,24.189999999999998,55.121875,0.2,30.3,39.66,22.76,0,54.59,2.6,7960,9.99,19,49,68,597.5,568,0.95,70,66300,2.88,2,overstocked
Dhaka_North,23.81,90.41,2025-04-14,0.5448266066746071,0.5133079045042833,29.220625000000005,138.23,71.30187500000001,0.19,27.47,30.57,24.27,2.41,65.63,0.97,8172,5.72,11,28,39,345,345,1,67,38200,2.9,3,overstocked
Dhaka_North,23.81,90.41,2025-04-30,0.4592547364947094,0.4491226259009257,30.151250000000005,88.00999999999999,67.40875,0.319,27.81,31.83,23.33,8.66,70.18,0.95,6889,13.24,26,66,92,815,815,1,55,90200,2.96,0,overstocked
Dhaka_North,23.81,90.41,2025-05-16,0.5361736832376921,0.5169028403784265,28.721875000000004,402.66,85.265,0.353,30.49,36.38,26.05,14.9,76.06,2.35,8043,10.86,21,54,75,660,627,0.95,69,73200,2.93,0,overstocked
Dhaka_North,23.81,90.41,2025-06-01,0.7644040148529799,0.7346449423243672,29.081875000000007,249.53000000000003,86.04875,0.348,28.84,31.52,26.92,40.46,90.49,2.96,11466,11.64,23,58,81,720,720,1,92,79600,2.97,0,overstocked
Dhaka_North,23.81,90.41,2025-06-17,0.7629301657326284,0.7046615673440314,28.319374999999994,139.15999999999997,90.22749999999999,0.45,28.04,30.02,26.55,23.4,90.78,3.62,11444,12.65,25,63,88,782.5,783,1,92,86500,2.97,0,overstocked
Dhaka_North,23.81,90.41,2025-07-03,0.7813568613068413,0.7079068280829515,28.020624999999995,315.66999999999996,90.37125,0.45,28.76,32.13,26.23,3.77,88.97,3.79,11720,12.05,24,60,84,750,750,1,94,82800,2.99,0,overstocked
Dhaka_North,23.81,90.41,2025-07-19,0.8267454447130793,0.7737607921467374,28.741875,257.70000000000005,89.81624999999998,0.45,28.58,31.45,26.57,1.43,89.31,2.66,12401,11.97,23,59,82,722.5,723,1,102,80100,2.91,0,overstocked
Dhaka_North,23.81,90.41,2025-08-04,0.7859951853899756,0.756909717484776,28.050624999999997,264.47999999999996,89.95749999999998,0.45,28.07,29.86,26.63,51.55,93.69,2.48,11790,12.66,25,63,88,782.5,783,1,95,86500,2.97,0,overstocked
Dhaka_North,23.81,90.41,2025-08-20,0.7778296578022273,0.7069516314421446,28.21625,130.26,89.09875,0.45,27.94,30.82,25.84,11.03,91.34,3.01,11667,14.41,28,72,100,880,880,1,95,97600,2.94,0,overstocked
Dhaka_North,23.81,90.41,2025-09-05,0.8356914490102197,0.7602362773607629,28.144999999999996,151.56,89.2025,0.45,28.94,32.59,25.91,5.11,87.53,1.28,12535,7.33,14,36,50,440,440,1,104,48800,2.89,0,overstocked
Chittagong_Coast,22.36,91.83,2023-10-02,0.6482830123205712,0.5839808268971336,27.728125,197.7,83.20187500000002,0.335,27.92,30.66,26,21.9,88.91,3.38,9724,13.94,27,69,96,847.5,848,1,79,93900,2.93,0,overstocked
Chittagong_Coast,22.36,91.83,2023-10-18,0.5843919807542306,0.5384353029956831,26.261249999999997,76.74000000000001,79.89874999999998,0.423,27.11,30.71,23.27,0,71.18,1.17,8766,12.18,24,60,84,750,750,1,71,82800,2.95,0,overstocked
Chittagong_Coast,22.36,91.83,2023-11-03,0.5529403731410675,0.5016091755044532,24.38,120.99000000000001,80.95500000000001,0.277,25.73,29.59,22.29,0,83.07,1.79,8294,8.83,17,44,61,535,535,1,68,59400,2.92,1,overstocked
Chittagong_Coast,22.36,91.83,2023-11-19,0.510549136864204,0.48145310976245104,23.688125,4.13,75.9175,0.27,25.6,29.13,23.07,4.01,82.87,1.06,7658,13.71,27,68,95,845,845,1,62,93400,2.96,1,overstocked
Chittagong_Coast,22.36,91.83,2023-12-05,0.6532535646807105,0.6057400319198615,20.122499999999995,25.450000000000003,81.12124999999999,0.375,23.18,25.72,21.61,0.31,85.44,2.05,9799,9.76,19,48,67,595,595,1,80,65800,2.93,0,overstocked
Chittagong_Coast,22.36,91.83,2023-12-21,0.5509967782496517,0.504410920273738,20.311875,0,78.995625,0.262,20.4,25.3,16.43,0,72.69,0.98,8265,7.82,15,39,54,472.5,473,1,68,52500,2.92,1,overstocked
Chittagong_Coast,22.36,91.83,2024-01-06,0.6410974346007987,0.5929670680045867,17.18375,5.04,80.30687499999999,0.259,17.97,24.37,12.59,0,77.54,2.12,9616,8.39,16,41,57,502.5,503,1,80,55700,2.89,1,overstocked
Chittagong_Coast,22.36,91.83,2024-01-22,0.7057822855396124,0.636040332683439,18.2075,14.869999999999997,74.12875,0.299,16.17,21.98,11.9,0,76.62,2.07,10587,8.33,16,41,57,502.5,503,1,87,55700,2.91,1,overstocked
Chittagong_Coast,22.36,91.83,2024-02-07,0.6124785879833299,0.5856531690988145,20.70875,4.5,70.745625,0.289,21.22,25.61,17.6,0,81.87,1.31,9187,8.79,17,43,60,532.5,533,1,75,58900,2.91,1,overstocked
Chittagong_Coast,22.36,91.83,2024-02-23,0.6731688508870456,0.6524054657103937,23.222500000000004,13.48,62.476875,0.288,23.46,26.86,20.78,8.28,87.12,2.5,10098,9.49,18,47,65,567.5,568,1,84,63100,2.89,1,overstocked
Chittagong_Coast,22.36,91.83,2024-03-10,0.46308668469496994,0.4447761850039094,25.315624999999997,50.63,66.141875,0.359,21.99,29.19,15.3,0,49.69,2.32,6946,11.78,23,58,81,720,720,1,56,79600,2.94,0,overstocked
Chittagong_Coast,22.36,91.83,2024-03-26,0.5225849043128326,0.516155727040952,28.08,38.169999999999995,72.72874999999999,0.188,27.04,32.52,22.1,4.2,67.97,1.46,7839,12.61,25,63,88,782.5,783,1,63,86500,2.98,3,overstocked
Chittagong_Coast,22.36,91.83,2024-04-11,0.523289965508455,0.4868370773760546,30.058124999999993,29.01,65,0.362,29,35.89,23.62,0,50.29,1.66,7849,13.28,26,66,92,815,815,1,63,90200,2.95,0,overstocked
Chittagong_Coast,22.36,91.83,2024-04-27,0.5370777750499334,0.4908527864879173,29.3975,173.30999999999997,74.5475,0.192,30.73,36.2,26.37,0,67.83,2.98,8056,13.96,27,69,96,847.5,805,0.95,69,93900,2.92,3,overstocked
Chittagong_Coast,22.36,91.83,2024-05-13,0.47188287678323554,0.4420538296133538,29.85375,342.84999999999997,78.5825,0.159,28.84,33.48,25.73,6.06,73.37,1.38,7078,9.9,19,49,68,597.5,598,1,58,66300,2.91,3,overstocked
Chittagong_Coast,22.36,91.83,2024-05-29,0.5200360873566487,0.5004140388641243,29.190625000000004,239.06,87.50375,0.356,29.72,31.75,28.43,28.56,89.3,5.2,7801,8.05,16,40,56,500,500,1,62,55200,2.98,0,overstocked
Chittagong_Coast,22.36,91.83,2024-06-14,0.8204838709414084,0.7845313557196579,28.918750000000003,318.73,88.01749999999998,0.337,29.08,31.19,27.58,31.62,89.94,4.02,12307,9.09,18,45,63,562.5,563,1,99,62100,2.97,0,overstocked
Chittagong_Coast,22.36,91.83,2024-06-30,0.7513596457912471,0.6880478171589692,28.357499999999998,543.23,89.518125,0.45,28.37,29.35,27.47,59.92,92.01,5.82,11270,10.95,21,54,75,660,660,1,93,73200,2.9,0,overstocked
Chittagong_Coast,22.36,91.83,2024-07-16,0.7692653185979971,0.7206411022956423,28.808125,184.21,88.14874999999998,0.45,28.91,32.14,26.53,1.64,87.96,3.13,11539,14.57,29,72,101,905,905,1,92,99800,2.98,0,overstocked
Chittagong_Coast,22.36,91.83,2024-08-01,0.7919342373911635,0.740606393122602,27.802500000000002,699.67,90.58875000000002,0.45,27.6,28.61,26.78,155.46,93.51,5.66,11879,8.03,16,40,56,500,500,1,95,55200,2.99,0,overstocked
Chittagong_Coast,22.36,91.83,2024-08-17,0.8297053595063033,0.7740802890200523,27.585625000000004,744.5699999999999,90.26625000000001,0.45,27.62,29.83,26.2,90.19,89.38,3.54,12446,7.79,15,38,53,470,470,1,103,52000,2.9,0,overstocked
Chittagong_Coast,22.36,91.83,2024-09-02,0.8225456234880455,0.7883578367258087,28.483125,397.48999999999995,88.08500000000001,0.45,28.14,30.23,26.59,12.94,86.64,1.42,12338,12.3,24,61,85,752.5,753,1,100,83300,2.94,0,overstocked
Chittagong_Coast,22.36,91.83,2024-09-18,0.8234027141829745,0.7691307751917713,28.700624999999995,307.13,87.58749999999999,0.45,29.4,32.5,26.57,8.65,85.87,1.27,12351,11.51,23,57,80,717.5,718,1,98,79100,2.99,0,overstocked
Chittagong_Coast,22.36,91.83,2024-10-04,0.5550956275939655,0.5251890373806838,28.054375,100.93,80.993125,0.45,27.57,29.94,25.44,11.6,89.08,4.04,8326,5.87,11,29,40,347.5,348,1,70,38700,2.86,0,overstocked
Chittagong_Coast,22.36,91.83,2024-10-20,0.6301151902889854,0.5996605204367417,27.447500000000005,82.57,81.69312500000001,0.398,27.41,30.18,25.27,10.49,82.06,1.54,9452,13.87,27,69,96,847.5,848,1,77,93900,2.94,0,overstocked
Chittagong_Coast,22.36,91.83,2024-11-05,0.4750190409202307,0.4614431955308737,25.016875000000002,5.74,76.23687500000001,0.377,27.55,30.24,24.67,2,74.21,0.74,7125,11.75,23,58,81,720,720,1,58,79600,2.94,0,overstocked
Chittagong_Coast,22.36,91.83,2024-11-21,0.4572087928949084,0.41530699047724445,22.37,1.01,77.934375,0.392,23.86,27.96,19.81,0,76.19,1.29,6858,9.15,18,45,63,562.5,563,1,55,62100,2.95,0,overstocked
Chittagong_Coast,22.36,91.83,2024-12-07,0.588495670278203,0.5443017863132159,19.2325,1.27,79.72,0.246,18.36,24.27,13.36,0,76.86,2,8827,6.56,13,32,45,405,405,1,71,44600,2.96,2,overstocked
Chittagong_Coast,22.36,91.83,2024-12-23,0.5405410124965867,0.5182120172074195,19.31625,0.11,79.98625,0.3,19.08,25.72,13.88,0.11,77.11,1.74,8108,7.71,15,38,53,470,470,1,66,52000,2.93,0,overstocked
Chittagong_Coast,22.36,91.83,2025-01-08,0.5360907745988958,0.5077434300601529,19.164375,0,73.91125000000001,0.287,19.7,24.07,15.43,0,81.56,1.52,8041,13.23,26,66,92,815,815,1,65,90200,2.96,1,overstocked
Chittagong_Coast,22.36,91.83,2025-01-24,0.5489049081121421,0.4961779585227404,20.23125,0.45,69.311875,0.288,19.16,25.08,14.65,0,70.69,1.85,8234,12.15,24,60,84,750,750,1,66,82800,2.96,1,overstocked
Chittagong_Coast,22.36,91.83,2025-02-09,0.5663183818733056,0.5127266092236846,23.076875,3.1899999999999995,63.53937500000001,0.273,19.35,25.95,13.58,0,52.34,1.72,8495,11.49,22,57,79,692.5,693,1,70,76900,2.91,1,overstocked
Chittagong_Coast,22.36,91.83,2025-02-25,0.5952600531682004,0.5619529577770633,25.3375,2.82,54.78874999999999,0.29,23.78,30.52,17.73,0,54.8,2.08,8929,12.74,25,63,88,782.5,783,1,72,86500,2.95,1,overstocked
Chittagong_Coast,22.36,91.83,2025-03-13,0.5472729107574653,0.49600510564096667,27.3425,28.230000000000004,65.86000000000001,0.288,26.57,32.5,21.45,0,74.32,3.58,8209,12.26,24,61,85,752.5,753,1,66,83300,2.95,1,overstocked
Chittagong_Coast,22.36,91.83,2025-03-29,0.5188683908897121,0.5016333382754377,28.5825,37.97,66.111875,0.213,27.48,33.53,22.39,0,72.97,2.97,7783,10.29,20,51,71,627.5,628,1,63,69500,2.94,2,overstocked
Chittagong_Coast,22.36,91.83,2025-04-14,0.46689437823819907,0.4474892411585433,27.926874999999995,187.81,80.533125,0.338,29.59,33.15,26.83,3.5,63.68,1.22,7003,6.11,12,30,42,375,375,1,57,41400,2.94,0,overstocked
Chittagong_Coast,22.36,91.83,2025-04-30,0.45852038512280835,0.4271948498669493,28.699374999999996,75.55999999999999,78.20625000000001,0.369,27.2,29.38,25.33,12.44,79.67,1.2,6878,7.3,14,36,50,440,440,1,57,48800,2.91,0,overstocked
Chittagong_Coast,22.36,91.83,2025-05-16,0.5177489870577239,0.4761123546272491,28.456249999999997,558.98,86.984375,0.331,29.19,31.22,27.49,8.39,85.72,2.25,7766,12.46,24,62,86,755,755,1,64,83800,2.92,0,overstocked
Chittagong_Coast,22.36,91.83,2025-06-01,0.8483963775162634,0.765036602758681,28.288750000000004,295.31999999999994,88.41000000000001,0.369,28.92,30.61,27.56,53.55,92.14,3.1,12726,6.57,13,32,45,405,405,1,103,44600,2.95,0,overstocked
Chittagong_Coast,22.36,91.83,2025-06-17,0.8353516477609128,0.7921543678668125,27.92625,465.7900000000001,90.334375,0.45,28.34,29.3,27.44,90.48,93.4,5.72,12530,12.74,25,63,88,782.5,783,1,101,86500,2.95,0,overstocked
Chittagong_Coast,22.36,91.83,2025-07-03,0.8098296827255264,0.7298578018843748,27.763125,607.1300000000001,90.15062499999999,0.45,28.17,30.92,26.24,10.33,89.87,4.62,12147,10.01,20,50,70,625,625,1,97,69000,3,0,overstocked
Chittagong_Coast,22.36,91.83,2025-07-19,0.782028374726889,0.7251713924007946,28.20375,488.06999999999994,89.296875,0.45,27.99,30.51,26.06,11.75,86.64,2.37,11730,12.59,25,62,87,780,780,1,94,86000,2.97,0,overstocked
Chittagong_Coast,22.36,91.83,2025-08-04,0.7816627076699743,0.7094074601199941,27.9375,313.47,88.00062500000001,0.45,28.17,30.24,26.63,18.31,90.11,3.02,11725,13.5,27,67,94,842.5,843,1,93,92900,2.99,0,overstocked
Chittagong_Coast,22.36,91.83,2025-08-20,0.8389812192194472,0.7955399954975358,28.0075,314.55999999999995,88.01312500000002,0.45,27.87,30.12,26.14,20.71,90.26,3.93,12585,12.6,25,63,88,782.5,783,1,101,86500,2.98,0,overstocked
Chittagong_Coast,22.36,91.83,2025-09-05,0.8143480722010512,0.7683445717654165,28.015625,156.87,87.00625,0.45,28.5,32.14,26.27,4.25,86.42,1.79,12215,7.09,14,35,49,437.5,438,1,98,48300,2.96,0,overstocked
Rajshahi_Plains,24.37,88.6,2023-10-02,0.5820540694768523,0.5699701360084966,27.526249999999994,198.43,82.394375,0.284,27.81,31.32,25.36,6.32,91.15,2.46,8731,14.6,29,73,102,907.5,908,1,70,100300,2.99,1,overstocked
Rajshahi_Plains,24.37,88.6,2023-10-18,0.42446252364762754,0.40338263824462794,24.513125000000002,2.13,81.401875,0.336,25.8,29.79,22.31,0.02,83.32,1.16,6367,8.11,16,40,56,500,500,1,51,55200,2.96,0,overstocked
Rajshahi_Plains,24.37,88.6,2023-11-03,0.47556145316207465,0.47293732720467924,22.759999999999998,2.73,78.406875,0.238,24.9,28.68,20.49,0.01,75.77,1.01,7133,8.36,16,41,57,502.5,503,1,59,55700,2.9,2,overstocked
Rajshahi_Plains,24.37,88.6,2023-11-19,0.47506978464556326,0.4587949592127548,21.546875,0.03,82.046875,0.256,22.51,27.61,17.57,0.03,83.47,1.26,7126,6.94,13,34,47,410,410,1,60,45600,2.85,1,overstocked
Rajshahi_Plains,24.37,88.6,2023-12-05,0.6849156078831367,0.6259535838303449,17.605625,48.980000000000004,78.62375,0.285,22.93,27.3,18.76,0.02,76.43,0.63,10274,8.14,16,40,56,500,500,1,83,55200,2.95,1,overstocked
Rajshahi_Plains,24.37,88.6,2023-12-21,0.6587498403072183,0.5998532066120903,17.642500000000002,6.04,80.08812499999999,0.307,17.56,24.05,11.81,0,82.45,1.64,9881,5.67,11,28,39,345,345,1,81,38200,2.93,0,overstocked
Rajshahi_Plains,24.37,88.6,2024-01-06,0.6916803324041835,0.6450286941816513,15.505,84.63,76.818125,0.265,17.43,23.76,12.14,0,84.41,1.5,10375,14.92,29,74,103,910,910,1,85,100800,2.94,1,overstocked
Rajshahi_Plains,24.37,88.6,2024-01-22,0.5230943888014292,0.4837459151126969,16.250625,1.6400000000000001,66.32812500000001,0.277,13.05,20.22,6.34,0,69.72,1.47,7846,12,24,60,84,750,825,1.1,57,82800,3,1,overstocked
Rajshahi_Plains,24.37,88.6,2024-02-07,0.5758013800451195,0.5593674651257589,19.970625,5.9399999999999995,59.64375000000001,0.443,18.26,25.11,13.3,0,65.63,2.11,8637,8.04,16,40,56,500,500,1,69,55200,2.98,0,overstocked
Rajshahi_Plains,24.37,88.6,2024-02-23,0.7073154852275767,0.6766318071425416,22.013125000000002,14.26,51.61625,0.281,22.37,28.99,17.62,2.11,62.27,1.28,10610,6.09,12,30,42,375,375,1,86,41400,2.95,1,overstocked
Rajshahi_Plains,24.37,88.6,2024-03-10,0.5001771439253108,0.4920459594887911,25.354374999999997,33.95,51.93875,0.328,21.94,30.49,12.41,0,40.32,1.17,7503,5.4,10,26,36,315,315,1,64,35000,2.82,0,overstocked
Rajshahi_Plains,24.37,88.6,2024-03-26,0.424399489545297,0.3829168551416423,29.381875000000004,8.359999999999998,45.901250000000005,0.199,27.56,35.22,20.9,1.72,55.12,0.73,6366,9.29,18,46,64,565,565,1,52,62600,2.93,3,overstocked
Rajshahi_Plains,24.37,88.6,2024-04-11,0.36992322250120163,0.3733290709959592,33.261874999999996,1.07,30.971875,0.368,29.98,37.98,23.4,0,37.78,1.04,5549,14.93,29,74,103,910,910,1,45,100800,2.93,0,overstocked
Rajshahi_Plains,24.37,88.6,2024-04-27,0.4793745883960511,0.46169364006035973,32.377500000000005,60.82,42.767500000000005,0.172,34.93,44.33,25.53,0,24.76,1.91,7191,10.07,20,50,70,625,594,0.95,60,69000,2.98,3,overstocked
Rajshahi_Plains,24.37,88.6,2024-05-13,0.4853792255412314,0.4835728178251829,31.853124999999995,120.81,62.905,0.17,30.9,36.72,24.85,0.48,60.38,1.68,7281,13.8,27,68,95,845,803,0.95,62,93400,2.94,3,overstocked
Rajshahi_Plains,24.37,88.6,2024-05-29,0.4782881839300984,0.4526220071087397,31.278125000000003,161.00000000000003,77.28625,0.316,31.98,38.35,28.09,9.36,79.07,3.55,7174,5.67,11,28,39,345,328,0.95,61,38200,2.93,0,overstocked
Rajshahi_Plains,24.37,88.6,2024-06-14,0.7725689769178923,0.7079156603691664,30.56625,56.19999999999999,80.320625,0.281,30.43,34.18,27.38,4.39,84.52,2.89,11589,10.08,20,50,70,625,594,0.95,98,69000,2.98,1,overstocked
Rajshahi_Plains,24.37,88.6,2024-06-30,0.8449099248146223,0.7747974977871456,29.391875000000002,286.16999999999996,86.4575,0.45,29.76,32.48,27.56,16.97,86.65,2.35,12674,8.71,17,43,60,532.5,533,1,103,58900,2.94,0,overstocked
Rajshahi_Plains,24.37,88.6,2024-07-16,0.7874439584435937,0.7110346467752532,29.957499999999996,31.729999999999997,85.68187499999999,0.45,29.54,32.49,26.93,1.57,87.9,3.15,11812,7.76,15,38,53,470,470,1,97,52000,2.91,0,overstocked
Rajshahi_Plains,24.37,88.6,2024-08-01,0.8344642585182932,0.8009143421628308,28.646250000000002,256.64,89.05125000000001,0.45,29.03,32.51,26.81,19.72,88.45,3.97,12517,11.07,22,55,77,687.5,688,1,100,75900,2.98,0,overstocked
Rajshahi_Plains,24.37,88.6,2024-08-17,0.771583689004752,0.7291248344626795,27.974375000000002,127.14999999999998,89.19624999999999,0.45,28.46,32.39,25.12,4.49,86.79,2.27,11574,11.8,23,58,81,720,720,1,94,79600,2.93,0,overstocked
Rajshahi_Plains,24.37,88.6,2024-09-02,0.8091737040122281,0.7716022259293122,28.52875,204.91000000000003,88.50500000000001,0.45,28.83,31.99,26.12,2.04,87.18,1.32,12138,13.86,27,69,96,847.5,848,1,99,93900,2.94,0,overstocked
Rajshahi_Plains,24.37,88.6,2024-09-18,0.8134095657977849,0.7398837457857632,28.58625,231.93,88.24812499999999,0.45,29.45,33.2,25.87,2,81.42,0.54,12201,11.99,23,59,82,722.5,723,1,101,80100,2.9,0,overstocked
Rajshahi_Plains,24.37,88.6,2024-10-04,0.5505529706943457,0.5140384581440446,27.12625,98.59,86.59625000000001,0.45,27.7,30.64,25.41,8.27,87.81,1.11,8258,12.87,25,64,89,785,785,1,67,87000,2.94,0,overstocked
Rajshahi_Plains,24.37,88.6,2024-10-20,0.6327571815047486,0.6038947488382498,26.051250000000003,72.07,85.489375,0.411,25.25,29.12,22.45,0.06,84.01,1.17,9491,11.93,23,59,82,722.5,723,1,78,80100,2.92,0,overstocked
Rajshahi_Plains,24.37,88.6,2024-11-05,0.5065557830352296,0.4981556359464826,22.8525,4.44,78.68374999999997,0.386,24.42,28.49,20.05,0.02,82.73,1.28,7598,8.39,16,41,57,502.5,503,1,63,55700,2.89,0,overstocked
Rajshahi_Plains,24.37,88.6,2024-11-21,0.4011212531412698,0.4072949848478758,19.534374999999997,0.07,77.95562500000001,0.241,21.64,25.91,16.91,0,68.77,0.76,6017,12.76,25,63,88,782.5,783,1,49,86500,2.95,2,overstocked
Rajshahi_Plains,24.37,88.6,2024-12-07,0.5074221871596694,0.47710277611437363,16.787499999999998,0.35,78.499375,0.229,18.03,24.15,13.01,0,69.38,0.82,7611,8.8,17,43,60,532.5,533,1,62,58900,2.91,2,overstocked
Rajshahi_Plains,24.37,88.6,2024-12-23,0.5417921308613939,0.5081930630075926,17.336875000000003,0,79.763125,0.283,16.58,22.89,11.04,0,82.91,1.48,8127,8.02,16,40,56,500,500,1,65,55200,2.99,1,overstocked
Rajshahi_Plains,24.37,88.6,2025-01-08,0.5392200399083023,0.5204997685690228,16.943125000000002,0,72.57062499999999,0.278,15.43,21.33,10.11,0,74.8,1.86,8088,14.42,28,72,100,880,880,1,66,97600,2.94,1,overstocked
Rajshahi_Plains,24.37,88.6,2025-01-24,0.5266310061598062,0.5214170909703605,18.544375000000006,1.94,62.90687499999999,0.302,18.23,24.76,11.21,0,65.69,1.21,7899,10.56,21,52,73,655,655,1,63,72200,2.97,0,overstocked
Rajshahi_Plains,24.37,88.6,2025-02-09,0.6466780366483817,0.6077029105651227,20.881874999999997,10.18,57.451875,0.263,18.57,25.93,11.68,0,43.79,0.89,9700,12.2,24,61,85,752.5,753,1,78,83300,2.97,1,overstocked
Rajshahi_Plains,24.37,88.6,2025-02-25,0.5712441545392161,0.5519825045582993,24.1225,0.24,46.970625,0.286,22.85,30.37,16.55,0,46.15,1.1,8569,8.13,16,40,56,500,500,1,69,55200,2.95,1,overstocked
Rajshahi_Plains,24.37,88.6,2025-03-13,0.39698768043463634,0.3970496534650748,27.550624999999997,5.81,47.47,0.325,27.03,36.24,18.56,0,48.23,1.39,5955,9.91,19,49,68,597.5,598,1,49,66300,2.9,0,overstocked
Rajshahi_Plains,24.37,88.6,2025-03-29,0.49028465520804854,0.4458407151148214,29.456874999999997,45.68,45.8925,0.21,30.16,40.26,22.14,0,27.68,1.83,7354,11.68,23,58,81,720,684,0.95,62,79600,2.96,2,overstocked
Rajshahi_Plains,24.37,88.6,2025-04-14,0.5414164972665247,0.5317498374324916,30.134375,45.949999999999996,60.94500000000001,0.212,28.58,34.71,23.44,2.2,61.72,1.46,8121,9.78,19,48,67,595,595,1,66,65800,2.92,2,overstocked
Rajshahi_Plains,24.37,88.6,2025-04-30,0.4931594181711298,0.47904790017741705,31.686874999999997,40.099999999999994,54.7425,0.373,28.24,33.8,22.69,1.3,62.4,1.67,7397,8.58,17,42,59,530,530,1,59,58400,2.96,0,overstocked
Rajshahi_Plains,24.37,88.6,2025-05-16,0.5491846341483508,0.5278358159216573,29.444375000000004,237.39,79.46187499999999,0.261,31.76,38.08,26.26,8.46,66.59,2.32,8238,10.5,20,52,72,630,599,0.95,72,70000,2.9,1,overstocked
Rajshahi_Plains,24.37,88.6,2025-06-01,0.8218450055409899,0.7824925086896235,29.945625,88.02,77.60687499999999,0.309,30.64,35.82,26.8,16.12,77.75,2.39,12328,9.95,19,49,68,597.5,568,0.95,107,66300,2.89,0,overstocked
Rajshahi_Plains,24.37,88.6,2025-06-17,0.7854098464374263,0.7558290556754479,29.020624999999995,145.01,86.47062500000001,0.444,28.65,31.9,26.59,21.94,87.87,3.73,11781,11.31,22,56,78,690,690,1,96,76400,2.93,0,overstocked
Rajshahi_Plains,24.37,88.6,2025-07-03,0.820749712972236,0.7824460723067517,28.60125,257.53000000000003,87.606875,0.45,29.54,33.09,26.46,11.29,86.38,3.17,12311,8.79,17,43,60,532.5,533,1,101,58900,2.91,0,overstocked
Rajshahi_Plains,24.37,88.6,2025-07-19,0.7889647151683205,0.7443052480241412,29.114375,226.95000000000002,87.35875,0.45,29.14,32.51,26.74,5.13,87.31,1.86,11834,12.55,25,62,87,780,780,1,95,86000,2.98,0,overstocked
Rajshahi_Plains,24.37,88.6,2025-08-04,0.8374467024189913,0.7688568006339458,28.10625,149.07,89.87875,0.45,27.8,29.51,26.29,25.35,92.89,2.19,12562,5.13,10,25,35,312.5,313,1,102,34500,2.92,0,overstocked
Rajshahi_Plains,24.37,88.6,2025-08-20,0.8454105424714183,0.7830210226871186,28.337500000000002,139.52999999999997,88.45937499999998,0.45,28.06,30.96,25.89,7.68,90.25,2.63,12681,12.15,24,60,84,750,750,1,102,82800,2.96,0,overstocked
Rajshahi_Plains,24.37,88.6,2025-09-05,0.8110217940581221,0.7694883974315021,28.291249999999998,117.93,88.74437499999999,0.45,28.79,32.44,26.22,4.5,88.31,1.35,12165,10.03,20,50,70,625,625,1,97,69000,2.99,0,overstocked
Sylhet_Hills,24.9,91.87,2023-10-02,0.5895313954670474,0.5440075665962059,26.556874999999994,462.80999999999995,85.368125,0.388,28.11,31.24,25.66,28.52,87.08,1.03,8843,11.06,22,55,77,687.5,688,1,71,75900,2.98,0,overstocked
Sylhet_Hills,24.9,91.87,2023-10-18,0.5609475045449968,0.5151532856192782,24.785625000000003,24.150000000000002,78.19312499999998,0.403,25.11,29.4,20.73,0,76.25,1.06,8414,12.66,25,63,88,782.5,783,1,68,86500,2.97,0,overstocked
Sylhet_Hills,24.9,91.87,2023-11-03,0.552230372142768,0.5310173495919613,22.753125,62.55,76.11875,0.282,23.54,27.58,19.25,0,79.04,1.16,8283,13.08,26,65,91,812.5,813,1,66,89700,2.98,1,overstocked
Sylhet_Hills,24.9,91.87,2023-11-19,0.46236569981632875,0.44891852792385667,22.095000000000002,4.45,76.289375,0.241,23.34,27.81,19.75,4.45,84.31,1.37,6935,6.27,12,31,43,377.5,378,1,57,41900,2.9,2,overstocked
Sylhet_Hills,24.9,91.87,2023-12-05,0.6776416039383051,0.6293655070665524,18.91125,37.779999999999994,78.21937500000001,0.417,22.1,25.74,18.76,0,74.03,1.05,10165,9.27,18,46,64,565,565,1,83,62600,2.93,0,overstocked
Sylhet_Hills,24.9,91.87,2023-12-21,0.560316017384189,0.5216571031553348,18.96875,1.4300000000000002,77.45625,0.304,19.25,24.58,14.44,0,74.17,1.3,8405,5.36,10,26,36,315,315,1,71,35000,2.83,0,overstocked
Sylhet_Hills,24.9,91.87,2024-01-06,0.5175098896923223,0.47867408409420237,16.43375,0,74.33687499999999,0.292,17.56,23.31,11.97,0,71.32,1.12,7763,13.52,27,67,94,842.5,843,1,62,92900,2.99,1,overstocked
Sylhet_Hills,24.9,91.87,2024-01-22,0.5282216417365682,0.5249648443535224,16.4525,1.8,72.181875,0.267,15.17,21.06,9.46,0,72.84,1.44,7923,14.59,29,72,101,905,905,1,63,99800,2.97,1,overstocked
Sylhet_Hills,24.9,91.87,2024-02-07,0.7200949350658582,0.6776154473105802,19.04875,45.36,67.591875,0.296,16.92,22.49,12.62,0,79.95,1.62,10801,12.5,25,62,87,780,780,1,86,86000,2.99,1,overstocked
Sylhet_Hills,24.9,91.87,2024-02-23,0.6710661444577787,0.6118700143826721,20.341874999999998,10.11,62.920625,0.297,20.74,25.87,15.47,7.45,73.74,1.47,10066,9.76,19,48,67,595,595,1,82,65800,2.93,1,overstocked
Sylhet_Hills,24.9,91.87,2024-03-10,0.46806996715594495,0.45924796013385455,23.470000000000002,73.59,65.860625,0.44,20.2,27.69,13,0,58.86,1.32,7021,5.44,10,27,37,317.5,318,1,60,35500,2.83,0,overstocked
Sylhet_Hills,24.9,91.87,2024-03-26,0.5147326026836967,0.5025424015552558,25.584374999999998,219.78,75.07312499999999,0.193,23.96,28.92,19.92,27.4,77.27,1.13,7721,7.86,15,39,54,472.5,473,1,64,52500,2.9,3,overstocked
Sylhet_Hills,24.9,91.87,2024-04-11,0.534902199628329,0.4925457766078209,27.738125,106.25000000000001,69.74375,0.372,26.56,33.23,20.8,0,57.96,1.67,8024,12.94,25,64,89,785,785,1,66,87000,2.92,0,overstocked
Sylhet_Hills,24.9,91.87,2024-04-27,0.5498997226311894,0.5345225565008409,27.03875,282.69,79.13624999999999,0.327,27.86,32.42,23.81,21.23,77.98,1.28,8248,14.07,28,70,98,875,875,1,66,96600,2.99,0,overstocked
Sylhet_Hills,24.9,91.87,2024-05-13,0.5469246006249927,0.5320087755776645,28.940625,497.21999999999997,78.79124999999999,0.362,28.02,31.84,23.59,0.03,75.39,1.13,8204,9.64,19,48,67,595,595,1,66,65800,2.97,0,overstocked
Sylhet_Hills,24.9,91.87,2024-05-29,0.483444910034981,0.47965801116642837,28.561875,765.3700000000001,89.049375,0.334,28.8,32.31,26.14,20.79,90.7,2.5,7252,12.63,25,63,88,782.5,783,1,58,86500,2.98,0,overstocked
Sylhet_Hills,24.9,91.87,2024-06-14,0.806753708467061,0.7367182153091345,28.396250000000002,694.19,89.814375,0.335,28.34,31.57,25.71,43.65,90.19,1.56,12101,7.77,15,38,53,470,470,1,100,52000,2.91,0,overstocked
Sylhet_Hills,24.9,91.87,2024-06-30,0.7533648572714072,0.6810601808318592,28.169375000000002,773.5600000000001,90.46187499999999,0.45,27.72,30.2,25.91,205.99,94.42,3.06,11300,6.23,12,31,43,377.5,378,1,93,41900,2.92,0,overstocked
Sylhet_Hills,24.9,91.87,2024-07-16,0.8355071409600193,0.7621988048554572,29.451875,279.49,86.76500000000001,0.45,28.99,32.18,26.98,18.12,84.88,0.89,12533,11.04,22,55,77,687.5,688,1,100,75900,2.99,0,overstocked
Sylhet_Hills,24.9,91.87,2024-08-01,0.7786373693428065,0.7301676982592156,27.769375,535.38,90.30249999999998,0.45,28.2,31.69,25.45,16.24,88.92,2.54,11680,11.61,23,58,81,720,720,1,94,79600,2.98,0,overstocked
Sylhet_Hills,24.9,91.87,2024-08-17,0.7729095446682969,0.7079413234687346,27.366250000000004,501.39000000000004,90.06312499999999,0.45,28.22,31.29,26.26,9.31,85.2,1.83,11594,14.1,28,70,98,875,875,1,93,96600,2.98,0,overstocked
Sylhet_Hills,24.9,91.87,2024-09-02,0.8480041026752003,0.7775345894379092,28.904375,63.959999999999994,83.765,0.45,29.56,32.25,27.21,5.41,81.88,0.97,12720,14.53,29,72,101,905,905,1,102,99800,2.99,0,overstocked
Sylhet_Hills,24.9,91.87,2024-09-18,0.8022495414359861,0.7226116680749365,28.668749999999996,350.06000000000006,84.324375,0.45,30.54,34.98,26.46,0.33,78.77,1.11,12034,7.11,14,35,49,437.5,416,0.95,102,48300,2.95,0,overstocked
Sylhet_Hills,24.9,91.87,2024-10-04,0.6000469330170266,0.5461068669434923,26.16,210.78,85.3525,0.328,26.72,30.04,24.3,72.02,91.1,1.63,9001,6.87,13,34,47,410,410,1,75,45600,2.88,0,overstocked
Sylhet_Hills,24.9,91.87,2024-10-20,0.5560062594922397,0.5402753166927424,25.906875,87.87999999999998,81.471875,0.388,25.8,30.34,21.45,0.07,78.42,1.13,8340,11.1,22,55,77,687.5,688,1,67,75900,2.97,0,overstocked
Sylhet_Hills,24.9,91.87,2024-11-05,0.5346287519118849,0.48631973089546643,23.08375,4.36,78.341875,0.355,24.9,29.4,21.09,1.92,81.15,1.58,8019,6.89,13,34,47,410,410,1,67,45600,2.87,0,overstocked
Sylhet_Hills,24.9,91.87,2024-11-21,0.40021728942181184,0.3981627705632876,20.35125,0.01,76.845625,0.372,21.98,26.27,18.02,0.01,78.02,1.15,6003,10.27,20,51,71,627.5,628,1,49,69500,2.94,0,overstocked
Sylhet_Hills,24.9,91.87,2024-12-07,0.5526133026043548,0.5101665002411374,17.734374999999996,0.04,75.97812499999999,0.273,17.23,22.89,13,0,81.08,1.32,8289,6.55,13,32,45,405,405,1,67,44600,2.96,1,overstocked
Sylhet_Hills,24.9,91.87,2024-12-23,0.5220938255683375,0.49586589874684245,18.38,0.09,73.89500000000001,0.257,17.69,23.92,12.89,0,69.79,1.4,7831,14.42,28,72,100,880,880,1,64,97600,2.94,1,overstocked
Sylhet_Hills,24.9,91.87,2025-01-08,0.5840298518708305,0.5270105223585891,17.54625,0.09,74.550625,0.291,17.37,22.12,12.85,0.09,78.18,1.37,8760,14.07,28,70,98,875,875,1,70,96600,2.99,1,overstocked
Sylhet_Hills,24.9,91.87,2025-01-24,0.5336009602549311,0.48112361700881257,17.735000000000003,0.05,73.33562500000001,0.291,15.8,21.48,10.79,0,79.57,1.26,8004,10.06,20,50,70,625,625,1,64,69000,2.98,1,overstocked
Sylhet_Hills,24.9,91.87,2025-02-09,0.5676489595633333,0.5236636770498517,19.5725,5.67,65.356875,0.262,17.22,23.24,11.64,0,59.45,1.34,8515,9.1,18,45,63,562.5,563,1,68,62100,2.97,1,overstocked
Sylhet_Hills,24.9,91.87,2025-02-25,0.5858034808563928,0.5374770144070145,21.78375,1.87,60.10124999999999,0.279,20.63,26.63,15.02,0,63.57,1.41,8787,11.72,23,58,81,720,720,1,71,79600,2.95,1,overstocked
Sylhet_Hills,24.9,91.87,2025-03-13,0.5077116375808498,0.5056055346452991,24.4675,44.980000000000004,64.94500000000001,0.304,23.7,29.62,17.8,3.96,68.33,1.7,7616,12.88,25,64,89,785,785,1,62,87000,2.94,0,overstocked
Sylhet_Hills,24.9,91.87,2025-03-29,0.48754632522064567,0.4693871623030946,26.6,107.59999999999998,63.200624999999995,0.315,27.23,34.37,21.15,0,56.21,1.62,7313,5.51,11,27,38,342.5,343,1,58,37700,2.98,0,overstocked
Sylhet_Hills,24.9,91.87,2025-04-14,0.4612097248453876,0.42076584213164414,26.701874999999998,354.43,79.21374999999999,0.201,25.97,29.42,22.61,1.12,73.25,0.95,6918,9.73,19,48,67,595,595,1,56,65800,2.94,2,overstocked
Sylhet_Hills,24.9,91.87,2025-04-30,0.45817058185527343,0.42749491701856873,27.48125,262.32,77.69937499999999,0.368,25.32,28.67,21.43,11.82,78.45,1.35,6873,5.68,11,28,39,345,345,1,56,38200,2.92,0,overstocked
Sylhet_Hills,24.9,91.87,2025-05-16,0.45393890531154757,0.43824962651766597,28.058124999999997,925.1500000000001,86.079375,0.34,29.05,32.06,25.24,14.45,79.59,1.13,6809,10.61,21,53,74,657.5,658,1,54,72700,2.98,0,overstocked
Sylhet_Hills,24.9,91.87,2025-06-01,0.8377709322934244,0.7780532480495107,28.462500000000002,297.44,86.42874999999998,0.338,27.7,29.68,25.85,77.01,93.73,2.45,12567,14.36,28,71,99,877.5,878,1,102,97100,2.94,0,overstocked
Sylhet_Hills,24.9,91.87,2025-06-17,0.8427440221862283,0.7890162675141321,28.480625,344.96000000000004,87.61937499999999,0.45,28.27,31.13,25.9,25,88.81,2.24,12641,9.66,19,48,67,595,595,1,102,65800,2.96,0,overstocked
Sylhet_Hills,24.9,91.87,2025-07-03,0.8124288431768545,0.7438718553915292,28.119374999999994,313.64,87.61312500000001,0.45,29.07,32.23,25.81,3.45,86.07,1.61,12186,13.01,26,65,91,812.5,813,1,97,89700,3,0,overstocked
Sylhet_Hills,24.9,91.87,2025-07-19,0.841064741742351,0.7861374605710124,28.550625000000004,506.35,88.455625,0.45,27.68,29.69,26.26,12.32,93.39,2.03,12616,13.43,26,67,93,817.5,818,1,103,90700,2.93,0,overstocked
Sylhet_Hills,24.9,91.87,2025-08-04,0.7825623772619752,0.752793923468608,27.718749999999996,473.83000000000004,89.261875,0.45,27.47,29.66,25.49,93.48,93.39,2.75,11738,6.2,12,30,42,375,375,1,97,41400,2.9,0,overstocked
Sylhet_Hills,24.9,91.87,2025-08-20,0.7666106522826088,0.7156320740608882,27.846875000000004,266.17,88.308125,0.45,27.62,30.48,25,28.9,90.45,1.86,11499,13.94,27,69,96,847.5,848,1,94,93900,2.93,0,overstocked
Sylhet_Hills,24.9,91.87,2025-09-05,0.7930847618596395,0.7511473627455121,26.46875,227.34999999999997,90.02875,0.45,27.45,30.81,24.99,6.26,88.38,1.26,11896,8.97,17,44,61,535,535,1,99,59400,2.87,0,overstocked
Khulna_Delta,22.84,89.54,2023-10-02,0.6443377051156931,0.6282391353042925,27.70125,186.60999999999999,82.57124999999998,0.284,27.41,30.27,25.48,9.79,91.94,1.82,9665,7.4,14,37,51,442.5,443,1,80,49300,2.89,1,overstocked
Khulna_Delta,22.84,89.54,2023-10-18,0.5854270591560731,0.5652524731418063,25.04875,14.37,82.14437500000001,0.399,26.32,30.51,22.59,0.17,81.05,1.13,8781,5.11,10,25,35,312.5,313,1,71,34500,2.93,0,overstocked
Khulna_Delta,22.84,89.54,2023-11-03,0.5863295906985975,0.5512127255936008,23.228125000000002,58.04,81.00874999999999,0.265,25.64,29.67,21.7,0.02,79.25,1.08,8795,14.74,29,73,102,907.5,908,1,71,100300,2.96,1,overstocked
Khulna_Delta,22.84,89.54,2023-11-19,0.41666974196055867,0.37757514522921276,21.99375,0.12,80.00687500000001,0.273,23.27,27.95,18.28,0.11,82.55,1.31,6250,5.22,10,26,36,315,315,1,51,35000,2.91,1,overstocked
Khulna_Delta,22.84,89.54,2023-12-05,0.6551888842123686,0.6166557098701824,17.932499999999997,67.02,80.59375,0.395,22.2,25.62,19.4,5.74,82.47,0.99,9828,9.13,18,45,63,562.5,563,1,79,62100,2.96,0,overstocked
Khulna_Delta,22.84,89.54,2023-12-21,0.5784266115781798,0.5368029907104614,18.13625,0.77,80.029375,0.352,18,24.42,11.84,0,82.31,1.43,8676,8,16,40,56,500,500,1,69,55200,3,0,overstocked
Khulna_Delta,22.84,89.54,2024-01-06,0.7319247074140732,0.6664579562163331,16.335625,14.94,76.67625000000001,0.281,18.21,25.16,12.14,0,76.99,1.54,10979,10.25,20,51,71,627.5,628,1,89,69500,2.95,1,overstocked
Khulna_Delta,22.84,89.54,2024-01-22,0.6603493920854452,0.5961071293644937,17.781875000000003,32.76,67.5,0.289,13.9,21.78,7.69,0,69.7,1.75,9905,9.16,18,45,63,562.5,619,1.1,73,62100,2.95,1,overstocked
Khulna_Delta,22.84,89.54,2024-02-07,0.6809319945861361,0.634404577873361,21.525,12.34,61.575625,0.362,20.55,27.15,15.9,0,73.46,1.58,10214,7.81,15,39,54,472.5,473,1,84,52500,2.92,0,overstocked
Khulna_Delta,22.84,89.54,2024-02-23,0.7432221183329448,0.6803803078173457,23.327499999999997,25.28,55.807500000000005,0.355,22.66,28.98,18.65,16.25,75.95,1.58,11148,6.62,13,33,46,407.5,408,1,90,45100,2.96,0,overstocked
Khulna_Delta,22.84,89.54,2024-03-10,0.543284383168642,0.5323295775181481,26.478749999999998,40.13999999999999,59.50375,0.411,22.76,31.6,15.7,0,39.2,1.57,8149,9.41,18,47,65,567.5,568,1,67,63100,2.91,0,overstocked
Khulna_Delta,22.84,89.54,2024-03-26,0.4680779828973556,0.42274083962010706,30.7725,22.43,55.69250000000001,0.219,28.57,36.8,21.9,3.22,64.66,1.57,7021,9.57,19,47,66,592.5,593,1,56,65300,2.97,2,overstocked
Khulna_Delta,22.84,89.54,2024-04-11,0.35774343637665207,0.3482125825896609,34.00812500000001,4.73,41.028124999999996,0.294,31.13,39.09,24.93,0,38.84,1.07,5366,8.77,17,43,60,532.5,506,0.95,46,58900,2.92,1,overstocked
Khulna_Delta,22.84,89.54,2024-04-27,0.5183570527529555,0.47609908135347606,32.7225,140.89,56.64687500000001,0.156,35.61,44.9,27.37,0,43.9,2.32,7775,12.36,24,61,85,752.5,715,0.95,67,83300,2.93,3,overstocked
Khulna_Delta,22.84,89.54,2024-05-13,0.4551605531366551,0.41205605519386423,30.602500000000003,190.43,74.865,0.14,29.12,33.15,24.94,2.14,77.29,1.01,6827,10.97,21,54,75,660,660,1,56,73200,2.9,4,overstocked
Khulna_Delta,22.84,89.54,2024-05-29,0.4676400086039249,0.4470645938229752,29.960624999999993,80.74999999999999,85.155625,0.356,30.54,34.92,28,10.84,87.02,3.53,7015,9.19,18,45,63,562.5,534,0.95,60,62100,2.94,0,overstocked
Khulna_Delta,22.84,89.54,2024-06-14,0.808902123475699,0.7434355628698487,29.663125,75.22,85.610625,0.288,30.19,34.31,27.89,2.54,86.68,3.04,12134,5.97,11,29,40,347.5,330,0.95,109,38700,2.81,1,overstocked
Khulna_Delta,22.84,89.54,2024-06-30,0.8470525160559566,0.7712846388435051,28.858125,226.19,88.5375,0.419,28.8,31.16,27.36,21.55,91.71,2.63,12706,13.01,26,65,91,812.5,813,1,101,89700,3,0,overstocked
Khulna_Delta,22.84,89.54,2024-07-16,0.8013987938937014,0.7462149728790762,29.263124999999995,135.67,88.32,0.45,29.25,33.03,27.14,5.54,89.96,2.71,12021,14.49,28,72,100,880,880,1,98,97600,2.93,0,overstocked
Khulna_Delta,22.84,89.54,2024-08-01,0.7745748610577371,0.7000175242517874,28.359374999999993,301.72999999999996,91.266875,0.45,27.73,29.35,26.32,83.73,93.55,2.71,11619,9.25,18,46,64,565,565,1,95,62600,2.94,0,overstocked
Khulna_Delta,22.84,89.54,2024-08-17,0.7818198726172865,0.7058988107027246,27.703125,301.95,92.47437500000001,0.45,27.83,30.45,26.24,8.34,91.55,2.07,11727,5.02,10,25,35,312.5,313,1,93,34500,2.99,0,overstocked
Khulna_Delta,22.84,89.54,2024-09-02,0.8280668927938324,0.7902898447082582,28.232500000000005,339.13,90.60625,0.45,28.3,31.62,25.65,3.7,88.73,1.21,12421,8.6,17,43,60,532.5,533,1,100,58900,2.98,0,overstocked
Khulna_Delta,22.84,89.54,2024-09-18,0.8136716784755471,0.7773546049711154,28.429375000000007,226.81999999999996,90.221875,0.45,28.97,32.42,25.17,0.19,83.77,0.68,12205,13.79,27,68,95,845,845,1,99,93400,2.94,0,overstocked
Khulna_Delta,22.84,89.54,2024-10-04,0.6440165603986793,0.6015370838154251,27.560624999999995,158.66,87.29437499999999,0.45,27.13,29.1,25.67,43.97,92.9,1.96,9660,11.82,23,59,82,722.5,723,1,78,80100,2.94,0,overstocked
Khulna_Delta,22.84,89.54,2024-10-20,0.5891609298450292,0.537916957193441,26.43,109.75999999999999,86.05187500000001,0.415,25.96,29.68,23.08,3.27,86.55,1.39,8837,5.44,10,27,37,317.5,318,1,75,35500,2.83,0,overstocked
Khulna_Delta,22.84,89.54,2024-11-05,0.4967306841430135,0.49381634744596636,22.934375,3.29,80.75312500000001,0.384,25.19,29.24,21.1,0.95,84.07,1.28,7451,8.24,16,41,57,502.5,503,1,61,55700,2.94,0,overstocked
Khulna_Delta,22.84,89.54,2024-11-21,0.47100396550074575,0.46118170390287616,20.391874999999995,2.9799999999999995,78.79312499999999,0.268,21.35,26.39,16.56,0,73,1,7065,6.85,13,34,47,410,410,1,58,45600,2.89,1,overstocked
Khulna_Delta,22.84,89.54,2024-12-07,0.5910280549033888,0.542504699464178,17.119375,2.57,79.73812500000001,0.242,18.05,25.36,11.87,0,72.29,1.32,8865,14.87,29,74,103,910,910,1,72,100800,2.94,2,overstocked
Khulna_Delta,22.84,89.54,2024-12-23,0.5210282473020005,0.5079376035340126,17.869374999999998,0.37,79.08125,0.274,16.99,24.78,10.98,0.37,80.49,1.53,7815,6.18,12,30,42,375,375,1,64,41400,2.91,1,overstocked
Khulna_Delta,22.84,89.54,2025-01-08,0.5624750668208293,0.5464255499840884,17.800625000000004,0,70.495625,0.308,16.85,23.85,11.56,0,78.46,1.82,8437,8.31,16,41,57,502.5,503,1,69,55700,2.91,0,overstocked
Khulna_Delta,22.84,89.54,2025-01-24,0.5947634485598349,0.570608509608489,20.619375,0.37,60.678125,0.274,19.67,27.53,13.73,0,67.04,1.28,8921,9.58,19,47,66,592.5,593,1,72,65300,2.96,1,overstocked
Khulna_Delta,22.84,89.54,2025-02-09,0.6796288948209902,0.6257428713826051,23.714999999999996,10.3,53.52625,0.298,19.58,28.97,11.16,0,41.9,1.39,10194,9.63,19,48,67,595,595,1,82,65800,2.97,1,overstocked
Khulna_Delta,22.84,89.54,2025-02-25,0.5247662389359649,0.5048220019407681,25.96375,0,44.71625,0.304,24.04,32.85,16.73,0,49.56,1.31,7871,7.14,14,35,49,437.5,438,1,64,48300,2.94,0,overstocked
Khulna_Delta,22.84,89.54,2025-03-13,0.3709058115843756,0.34298549988445104,29.584374999999998,3.2500000000000004,48.530625,0.311,29.49,39.55,21.3,0,53.21,2.46,5564,11.54,23,57,80,717.5,718,1,44,79100,2.98,0,overstocked
Khulna_Delta,22.84,89.54,2025-03-29,0.46944741594692124,0.46640887428342837,30.162499999999998,75.24999999999999,58.144375,0.174,31.68,41.84,23.2,0,47.98,2.18,7042,6.53,13,32,45,405,385,0.95,59,44600,2.97,3,overstocked
Khulna_Delta,22.84,89.54,2025-04-14,0.5173539577708277,0.47864642105551397,30.379375,73.38000000000001,67.576875,0.136,28.24,31.74,24.83,1.22,64.94,1.08,7760,6.32,12,31,43,377.5,378,1,64,41900,2.88,4,overstocked
Khulna_Delta,22.84,89.54,2025-04-30,0.4575290440393888,0.45027397850071554,30.420625,79.57,67.39250000000001,0.322,28.31,32.78,24.29,10.94,70.07,0.83,6863,6.78,13,33,46,407.5,408,1,57,45100,2.89,0,overstocked
Khulna_Delta,22.84,89.54,2025-05-16,0.502082578234221,0.4708725387627798,28.848125000000003,309.0899999999999,85.03,0.372,30.45,36.25,26.35,14.17,76.55,2.62,7531,12.93,25,64,89,785,746,0.95,65,87000,2.92,0,overstocked
Khulna_Delta,22.84,89.54,2025-06-01,0.8372940210350852,0.7567554742040483,29.339375000000004,131.20000000000002,84.010625,0.357,29.53,32.61,27.26,16.12,88.52,2.83,12559,14.04,28,70,98,875,875,1,100,96600,2.99,0,overstocked
Khulna_Delta,22.84,89.54,2025-06-17,0.8338599812940278,0.7927477556384577,28.411250000000003,224.23,90.12875000000001,0.45,27.89,30.26,26.27,52.39,91.53,3.53,12508,11.67,23,58,81,720,720,1,101,79600,2.96,0,overstocked
Khulna_Delta,22.84,89.54,2025-07-03,0.7848309319447523,0.73163809549257,28.071875000000002,446.44999999999993,91.47500000000001,0.45,28.87,32.21,26.46,17.89,89.51,2.88,11772,7.84,15,39,54,472.5,473,1,97,52500,2.91,0,overstocked
Khulna_Delta,22.84,89.54,2025-07-19,0.8316177014563726,0.7802199793501206,28.581874999999997,265.92,90.53937499999999,0.45,28.5,31.98,26.06,4.12,90.13,2.16,12474,14.22,28,71,99,877.5,878,1,101,97100,2.97,0,overstocked
Khulna_Delta,22.84,89.54,2025-08-04,0.7907921684084676,0.7289686188523072,27.9275,146.38999999999996,90.86125000000001,0.45,28.04,29.78,26.66,17.79,94.39,2.19,11862,8.49,16,42,58,505,505,1,99,56200,2.87,0,overstocked
Khulna_Delta,22.84,89.54,2025-08-20,0.767412353896284,0.6942000377372608,27.89375,165.25,90.31875,0.45,27.39,29.46,25.8,23.13,93.85,2.4,11511,7.96,15,39,54,472.5,473,1,96,52500,2.87,0,overstocked
Khulna_Delta,22.84,89.54,2025-09-05,0.795553929743734,0.7337095306952872,28.198124999999997,212.76,88.88875000000003,0.45,28.31,32.19,25.52,4.35,89.49,1.29,11933,12.48,24,62,86,755,755,1,98,83800,2.92,0,overstocked
Mymensingh_Central,24.75,90.4,2023-10-02,0.5865385581493102,0.5344806624780281,26.764999999999997,365.7300000000001,85.28750000000001,0.322,27.54,29.79,25.83,14.07,90.26,1.24,8798,13.89,27,69,96,847.5,848,1,72,93900,2.94,0,overstocked
Mymensingh_Central,24.75,90.4,2023-10-18,0.58240251211766,0.5383133676818893,24.68125,11.609999999999998,79.591875,0.384,25.51,30.13,21.16,0.19,80.22,0.91,8736,9.6,19,48,67,595,595,1,70,65800,2.98,0,overstocked
Mymensingh_Central,24.75,90.4,2023-11-03,0.6234139603665898,0.6102123443249439,23.019375,30.54,77.369375,0.283,24.45,28.3,20.5,0,77.53,0.93,9351,5.83,11,29,40,347.5,348,1,78,38700,2.88,1,overstocked
Mymensingh_Central,24.75,90.4,2023-11-19,0.47325597430664995,0.4718674824944766,22.1175,2.34,76.595,0.242,22.95,27.47,18.74,2.34,83.77,0.94,7099,6.84,13,34,47,410,410,1,59,45600,2.89,2,overstocked
Mymensingh_Central,24.75,90.4,2023-12-05,0.6997681131578241,0.6684970222793566,18.975625,44.230000000000004,79.34375,0.421,22.54,26.66,18.72,0,75.89,0.87,10497,9.61,19,48,67,595,595,1,84,65800,2.98,0,overstocked
Mymensingh_Central,24.75,90.4,2023-12-21,0.5988296939303339,0.5699219084930464,18.791875,1.27,78.01125,0.274,18.41,23.44,13.12,0,76.87,1.09,8982,12.81,25,64,89,785,785,1,73,87000,2.95,1,overstocked
Mymensingh_Central,24.75,90.4,2024-01-06,0.6411481520995145,0.5947280842786742,16.431874999999998,11.87,74.3375,0.258,18.16,24.52,12.93,0,71.39,1.03,9617,9.6,19,47,66,592.5,593,1,77,65300,2.96,1,overstocked
Mymensingh_Central,24.75,90.4,2024-01-22,0.6054350434037831,0.5869897659241339,16.943125,0.59,65.07249999999999,0.263,14.85,21.99,8.04,0,67.5,1.21,9082,14.42,28,72,100,880,968,1.1,67,97600,2.94,1,overstocked
Mymensingh_Central,24.75,90.4,2024-02-07,0.74130619470885,0.6901260414877484,20.218749999999996,22.42,57.388125,0.339,18.07,24.73,13.33,0,67.31,1.56,11120,13.19,26,65,91,812.5,813,1,90,89700,2.96,0,overstocked
Mymensingh_Central,24.75,90.4,2024-02-23,0.7210625667976397,0.6963036959734011,21.932499999999997,15,49.79,0.295,22.32,28.44,17.69,5.89,62.32,1.46,10816,12.85,25,64,89,785,785,1,88,87000,2.94,1,overstocked
Mymensingh_Central,24.75,90.4,2024-03-10,0.5079626539669323,0.47187341849013015,24.891249999999992,95.44,55.121875,0.416,22.24,30.04,15.98,0,40.08,1.01,7619,14.89,29,74,103,910,910,1,62,100800,2.94,0,overstocked
Mymensingh_Central,24.75,90.4,2024-03-26,0.4824738448509005,0.46290034488591636,26.730624999999996,142.04,66.933125,0.2,25,30.97,20.43,12.56,72.51,1.78,7237,13.43,26,67,93,817.5,818,1,59,90700,2.93,2,overstocked
Mymensingh_Central,24.75,90.4,2024-04-11,0.4720423814609043,0.4698620692002198,29.649374999999992,32.64,57.28937500000001,0.354,28.14,34.69,21.73,0.02,51.08,1.17,7081,11.36,22,56,78,690,690,1,58,76400,2.92,0,overstocked
Mymensingh_Central,24.75,90.4,2024-04-27,0.47444432827101785,0.46716166653167396,28.359999999999996,185.14000000000004,70.614375,0.313,29.62,37.36,24.03,5.09,67.45,1.96,7117,13.93,27,69,96,847.5,848,1,58,93900,2.93,0,overstocked
Mymensingh_Central,24.75,90.4,2024-05-13,0.5314282672144472,0.5171861785860693,29.2725,318.44,78.09312500000001,0.267,28.45,32.51,23.44,0.23,74.64,1.15,7971,6.45,12,32,44,380,380,1,67,42400,2.85,1,overstocked
Mymensingh_Central,24.75,90.4,2024-05-29,0.5122445646687535,0.5034505895468432,28.807500000000005,523.98,89.97749999999999,0.372,29.2,32.25,26.57,12.46,91.72,2.78,7684,9.3,18,46,64,565,565,1,63,62600,2.92,0,overstocked
Mymensingh_Central,24.75,90.4,2024-06-14,0.8409370622907334,0.7635174614527457,28.639375,418.31999999999994,91.0075,0.355,28.5,31.09,26.18,26.69,92.76,2.53,12614,6.13,12,30,42,375,375,1,103,41400,2.94,0,overstocked
Mymensingh_Central,24.75,90.4,2024-06-30,0.817695193349889,0.7621587035950085,28.431875,858.0499999999998,91.185,0.45,28.46,30.23,26.81,471.59,94.24,2.52,12265,13.6,27,68,95,845,845,1,98,93400,2.98,0,overstocked
Mymensingh_Central,24.75,90.4,2024-07-16,0.8096898401073873,0.748472485230934,29.161250000000003,158.04,89.25562500000001,0.45,28.21,30.09,26.8,8.33,89.56,1.32,12145,10.44,20,52,72,630,630,1,100,70000,2.91,0,overstocked
Mymensingh_Central,24.75,90.4,2024-08-01,0.781092914308826,0.7265801976727045,27.910625000000003,400.74,91.06874999999998,0.45,28.07,31,26.14,14,90.84,4.54,11716,13.6,27,68,95,845,845,1,94,93400,2.98,0,overstocked
Mymensingh_Central,24.75,90.4,2024-08-17,0.7910307332059239,0.7382317951579356,27.439375,316.9900000000001,91.34062499999999,0.45,28.2,32.04,25.71,9.71,88.34,1.73,11865,10.29,20,51,71,627.5,628,1,97,69500,2.93,0,overstocked
Mymensingh_Central,24.75,90.4,2024-09-02,0.8352576996153787,0.7758486493445328,28.728125000000002,88.37,86.07187500000002,0.45,28.95,32.82,25.38,3.1,83.88,0.96,12529,10.89,21,54,75,660,660,1,103,73200,2.92,0,overstocked
Mymensingh_Central,24.75,90.4,2024-09-18,0.8343062575401933,0.753371663468075,28.495625000000004,288.84000000000003,87.42250000000001,0.45,29.61,33.71,25.82,0.08,82.78,0.91,12515,13.38,26,66,92,815,815,1,102,90200,2.93,0,overstocked
Mymensingh_Central,24.75,90.4,2024-10-04,0.5681104655046239,0.5368831369355015,26.40875,206.67000000000002,87.03062500000001,0.446,26.76,28.98,25.23,65.17,93.16,2.34,8522,10.92,21,54,75,660,660,1,70,73200,2.91,0,overstocked
Mymensingh_Central,24.75,90.4,2024-10-20,0.5754185906472777,0.5228047414192168,25.674375,70.22000000000001,82.710625,0.416,25.36,29.62,21.56,0.07,78.62,0.69,8631,5.58,11,27,38,342.5,343,1,70,37700,2.94,0,overstocked
Mymensingh_Central,24.75,90.4,2024-11-05,0.5117867702455859,0.4802468498968996,22.846875,2.5399999999999996,78.390625,0.353,25.22,29.43,21.31,1,78.82,0.88,7677,13.26,26,66,92,815,815,1,62,90200,2.96,0,overstocked
Mymensingh_Central,24.75,90.4,2024-11-21,0.4848894428782948,0.4694396972353425,19.880625000000002,0.02,76.70875,0.317,21.53,25.71,17.71,0,75.57,0.97,7273,10.48,20,52,72,630,630,1,60,70000,2.9,0,overstocked
Mymensingh_Central,24.75,90.4,2024-12-07,0.5868602595080651,0.5288236825106135,17.12125,0,76.0825,0.264,17.05,23.25,11.87,0,73.19,1.05,8803,7.9,15,39,54,472.5,473,1,73,52500,2.89,1,overstocked
Mymensingh_Central,24.75,90.4,2024-12-23,0.5839653811550415,0.5384126342483003,18.3575,0.06,73.818125,0.257,16.83,23.42,10.83,0,72.71,1.07,8759,6.61,13,33,46,407.5,408,1,70,45100,2.96,1,overstocked
Mymensingh_Central,24.75,90.4,2025-01-08,0.5470173755004382,0.527676984636643,17.584375,0.04,69.4625,0.289,16.58,22.4,11.6,0.04,76.84,1.61,8205,11.56,23,57,80,717.5,718,1,66,79100,2.98,1,overstocked
Mymensingh_Central,24.75,90.4,2025-01-24,0.5348801838507705,0.5203329850615198,18.605625,2.55,63.048749999999984,0.267,17,23.48,11.42,0,64.92,1.11,8023,10.17,20,50,70,625,625,1,65,69000,2.95,1,overstocked
Mymensingh_Central,24.75,90.4,2025-02-09,0.6475831835555703,0.6005179934653786,21.088124999999998,7.050000000000001,52.531875,0.297,18.26,26.03,12.39,0,50.35,1.22,9714,11.66,23,58,81,720,720,1,78,79600,2.97,1,overstocked
Mymensingh_Central,24.75,90.4,2025-02-25,0.5573699682619421,0.5082451831970655,23.614999999999995,1.05,46.353750000000005,0.291,22.1,29.96,16.42,0,51.05,1.51,8361,12.72,25,63,88,782.5,783,1,67,86500,2.96,1,overstocked
Mymensingh_Central,24.75,90.4,2025-03-13,0.5290032930909155,0.5103295087684212,26.45375,13.549999999999997,50.550625000000004,0.318,25.36,33.85,18.52,1.85,53.3,1.73,7935,11.84,23,59,82,722.5,723,1,64,80100,2.94,0,overstocked
Mymensingh_Central,24.75,90.4,2025-03-29,0.5474571791067453,0.5169591025544762,28.47625,55.68,50.573750000000004,0.259,29.04,38.61,20.72,0,46.51,2.1,8212,13.5,27,67,94,842.5,843,1,65,92900,2.99,1,overstocked
Mymensingh_Central,24.75,90.4,2025-04-14,0.45208978056936827,0.4191344999095023,27.895,238.15999999999997,73.4925,0.202,27.32,31.84,23.45,3.5,63.75,1.04,6781,11.82,23,59,82,722.5,723,1,55,80100,2.94,2,overstocked
Mymensingh_Central,24.75,90.4,2025-04-30,0.4611612099903398,0.44344351755266176,28.048749999999995,189.84,75.294375,0.334,25.5,29.23,21.71,20.24,79.9,1.39,6917,13.48,26,67,93,817.5,818,1,56,90700,2.92,0,overstocked
Mymensingh_Central,24.75,90.4,2025-05-16,0.5290022406629429,0.5238158308784482,27.945000000000004,588.31,87.246875,0.361,28.99,33.07,24.93,7.07,81.79,1.47,7935,8.89,17,44,61,535,535,1,65,59400,2.9,0,overstocked
Mymensingh_Central,24.75,90.4,2025-06-01,0.8018933979178425,0.7629190525507535,28.803124999999998,252.16000000000003,85.78062499999999,0.349,28.58,31.51,25.98,51.04,92.13,2.17,12028,12.86,25,64,89,785,785,1,98,87000,2.94,0,overstocked
Mymensingh_Central,24.75,90.4,2025-06-17,0.8408270805771839,0.781961099352816,28.138125000000002,233.17000000000004,90.616875,0.45,27.88,30.15,25.54,14.37,90.72,3.68,12612,14.67,29,73,102,907.5,908,1,101,100300,2.97,0,overstocked
Mymensingh_Central,24.75,90.4,2025-07-03,0.8375717942470657,0.7810613100834054,27.8675,294.91,90.275625,0.45,28.52,31.48,26.03,6.43,89.91,2.7,12564,9.78,19,48,67,595,595,1,103,65800,2.92,0,overstocked
Mymensingh_Central,24.75,90.4,2025-07-19,0.7993549714779357,0.752319941045754,28.778125,344.83000000000004,88.73375000000001,0.45,28.54,31.59,26.45,7.3,91.26,1.8,11990,7.09,14,35,49,437.5,438,1,97,48300,2.96,0,overstocked
Mymensingh_Central,24.75,90.4,2025-08-04,0.7937285271406928,0.7587259867794446,27.819375,318.68,90.17312499999998,0.45,28.12,31.02,25.68,56.37,91.79,1.94,11906,7.8,15,38,53,470,470,1,98,52000,2.9,0,overstocked
Mymensingh_Central,24.75,90.4,2025-08-20,0.7577615692749947,0.7213506516374731,28.144375,179.30999999999997,88.46437499999999,0.45,27.65,30.71,25.31,19.03,91.63,2.21,11366,14.13,28,70,98,875,875,1,91,96600,2.97,0,overstocked
Mymensingh_Central,24.75,90.4,2025-09-05,0.795001109381304,0.7172600906675957,27.80375,174.92000000000002,88.896875,0.45,28.86,32.26,26.06,4.27,86.13,1.08,11925,6.53,13,32,45,405,405,1,96,44600,2.97,0,overstocked
Rangpur_North,25.75,89.25,2023-10-02,0.625594890350208,0.5942633210495376,26.473125,192.26000000000002,86.5425,0.328,28.13,31.45,25.74,14.89,90.24,1.26,9384,13.91,27,69,96,847.5,848,1,76,93900,2.93,0,overstocked
Rangpur_North,25.75,89.25,2023-10-18,0.49622462121249755,0.4899481868007852,24.235624999999995,0.24000000000000002,79.59562500000001,0.407,25.52,29.51,22.09,0,80.95,0.83,7443,11.67,23,58,81,720,720,1,60,79600,2.96,0,overstocked
Rangpur_North,25.75,89.25,2023-11-03,0.4848736757766721,0.4637565278480677,22.325625000000002,2.9,79.11562499999998,0.339,23.89,27.61,19.6,0.01,82.39,0.75,7273,14.38,28,71,99,877.5,878,1,59,97100,2.93,0,overstocked
Rangpur_North,25.75,89.25,2023-11-19,0.48136560709102477,0.43460026528449786,21.3025,0,80.135625,0.259,22.16,26.96,17.78,0,82.28,1.34,7220,12.95,25,64,89,785,785,1,59,87000,2.92,1,overstocked
Rangpur_North,25.75,89.25,2023-12-05,0.7163461892425425,0.6584948743700766,18.537500000000005,12.229999999999999,79.206875,0.269,21.87,27.48,17.3,0,81.66,0.98,10745,8.77,17,43,60,532.5,533,1,88,58900,2.92,1,overstocked
Rangpur_North,25.75,89.25,2023-12-21,0.6965682382908356,0.6316966835073768,18.42,12.68,75.369375,0.268,18.35,24.71,13.55,0,77.98,1.61,10449,5.45,10,27,37,317.5,318,1,89,35500,2.83,1,overstocked
Rangpur_North,25.75,89.25,2024-01-06,0.5799147212441937,0.5703410874133165,16.279374999999998,0.52,71.96499999999999,0.294,18.38,24.61,13.11,0,71.68,0.35,8699,9.23,18,46,64,565,565,1,71,62600,2.95,1,overstocked
Rangpur_North,25.75,89.25,2024-01-22,0.5492828329273014,0.5212722816169085,16.54125,0.27,61.02375,0.335,14.84,21.74,9,0,62.54,0.92,8239,12.15,24,60,84,750,825,1.1,60,82800,2.96,0,overstocked
Rangpur_North,25.75,89.25,2024-02-07,0.565553170886595,0.5274918435495013,19.353125,3.55,55.657500000000006,0.3,16.51,24.92,10.65,0.01,61.75,2.42,8483,14.76,29,73,102,907.5,908,1,68,100300,2.95,0,overstocked
Rangpur_North,25.75,89.25,2024-02-23,0.5271471171359974,0.4996108563578112,21.251875,2.4499999999999997,47.09250000000001,0.284,20.68,28.6,14.12,0.91,52.64,2.36,7907,6.65,13,33,46,407.5,408,1,64,45100,2.95,1,overstocked
Rangpur_North,25.75,89.25,2024-03-10,0.5347378178853797,0.48126448518100573,24.131874999999997,151.81999999999996,50.69125,0.286,22.06,30.75,13.65,0,40.48,1.37,8021,14.85,29,74,103,910,910,1,65,100800,2.95,1,overstocked
Rangpur_North,25.75,89.25,2024-03-26,0.49465957482919204,0.4660457008866066,26.974999999999998,18.720000000000002,52.701875,0.195,24.66,30.51,19.17,8.18,70.03,1.45,7420,10.9,21,54,75,660,660,1,61,73200,2.92,3,overstocked
Rangpur_North,25.75,89.25,2024-04-11,0.3476305501783464,0.3572077219950201,30.303125,3.1899999999999995,41.525,0.375,27.58,35.6,20.05,0.04,47.12,1.64,5214,5.38,10,26,36,315,315,1,44,35000,2.83,0,overstocked
Rangpur_North,25.75,89.25,2024-04-27,0.5142423681545938,0.505008281497842,30.139999999999997,22.42,45.953125,0.197,30.87,39.54,22.74,0,43.24,2.21,7714,5.43,10,27,37,317.5,302,0.95,69,35500,2.83,3,overstocked
Rangpur_North,25.75,89.25,2024-05-13,0.45389881681431277,0.4155106149456514,31.865000000000006,134.09,60.7325,0.162,31.43,37.65,25.15,0.25,55.29,1.59,6808,11.37,22,56,78,690,656,0.95,58,76400,2.92,3,overstocked
Rangpur_North,25.75,89.25,2024-05-29,0.5307973968311515,0.48168724884953285,29.73375,428.81,85.34,0.219,31.01,35.83,26.77,8.68,80.79,2.8,7962,14.61,29,73,102,907.5,862,0.95,67,100300,2.98,2,overstocked
Rangpur_North,25.75,89.25,2024-06-14,0.8413702988728752,0.7590246982395792,29.275625,484.53000000000014,89.42812499999998,0.293,29.16,31.54,27.13,26.32,90.19,2.6,12621,8.62,17,43,60,532.5,533,1,102,58900,2.97,1,overstocked
Rangpur_North,25.75,89.25,2024-06-30,0.8370598345113703,0.781889910160198,28.971874999999997,552.27,89.9025,0.45,29.33,31.86,27.41,43.29,90.02,2.05,12556,10.84,21,54,75,660,660,1,103,73200,2.93,0,overstocked
Rangpur_North,25.75,89.25,2024-07-16,0.7527442013734047,0.7187622893329945,30.224375,58.230000000000004,86.16499999999999,0.45,29.84,32.67,27.57,8.94,86.88,1.35,11291,6.53,13,32,45,405,405,1,91,44600,2.97,0,overstocked
Rangpur_North,25.75,89.25,2024-08-01,0.7835817635795743,0.7181275205538158,28.750625,226.57,88.43562499999999,0.45,29.65,33.63,26.9,4.52,85.3,4,11754,13.61,27,68,95,845,845,1,94,93400,2.98,0,overstocked
Rangpur_North,25.75,89.25,2024-08-17,0.7846695102359021,0.7299882599333765,28.44125,91.01000000000002,86.82562500000002,0.45,29.86,33.89,26.59,4.45,82.42,0.94,11770,9.22,18,46,64,565,565,1,96,62600,2.95,0,overstocked
Rangpur_North,25.75,89.25,2024-09-02,0.8463360648412586,0.771618696787468,29.300625,82.16000000000001,83.523125,0.45,29.74,32.9,25.98,1.7,80.09,0.66,12695,5.03,10,25,35,312.5,313,1,102,34500,2.98,0,overstocked
Rangpur_North,25.75,89.25,2024-09-18,0.8463755273673859,0.8033838595468376,28.833125,354.86,86.05125,0.45,30.21,34.12,26.4,0,77.65,0.51,12696,12.27,24,61,85,752.5,715,0.95,108,83300,2.95,0,overstocked
Rangpur_North,25.75,89.25,2024-10-04,0.6269925701714744,0.5722338035239143,25.89125,112.23,89.01062499999999,0.45,26.52,29.1,24.77,31.32,92.02,2.8,9405,12.16,24,60,84,750,750,1,76,82800,2.96,0,overstocked
Rangpur_North,25.75,89.25,2024-10-20,0.6227348249196579,0.5990396997672667,24.930625,41.6,86.68875,0.409,24.4,28.39,21.02,2.38,86.6,1.6,9341,10.95,21,54,75,660,660,1,77,73200,2.9,0,overstocked
Rangpur_North,25.75,89.25,2024-11-05,0.4252379996502447,0.3884599896690916,22.179999999999996,0.01,83.98374999999997,0.409,23.7,27.6,20.19,0,86.67,1.73,6379,14.31,28,71,99,877.5,878,1,51,97100,2.95,0,overstocked
Rangpur_North,25.75,89.25,2024-11-21,0.4164524729914854,0.3929246262239281,18.895,0,80.645625,0.316,21.01,25.75,17.18,0,79.94,1.21,6247,14.29,28,71,99,877.5,878,1,50,97100,2.95,0,overstocked
Rangpur_North,25.75,89.25,2024-12-07,0.5451078587805843,0.5268910062425027,16.598125000000003,0.04,81.61812499999999,0.241,16.84,22.59,11.74,0.01,81.09,1.11,8177,5.55,11,27,38,342.5,343,1,66,37700,2.96,2,overstocked
Rangpur_North,25.75,89.25,2024-12-23,0.5617279177844124,0.5099739593416242,17.300625000000004,0.16,78.795,0.283,16.42,22.85,12,0,82.64,1.76,8426,11.73,23,58,81,720,720,1,68,79600,2.95,1,overstocked
Rangpur_North,25.75,89.25,2025-01-08,0.5892911422095422,0.554779622292531,17.001250000000002,0.09,73.278125,0.299,15.92,21.97,10.17,0.01,74.03,1.98,8839,5.03,10,25,35,312.5,313,1,70,34500,2.98,1,overstocked
Rangpur_North,25.75,89.25,2025-01-24,0.554503627457343,0.5290066871775598,17.925625,0.19000000000000003,64.95374999999999,0.264,17.05,23.71,10.52,0.04,63.42,1.29,8318,14.29,28,71,99,877.5,878,1,67,97100,2.95,1,overstocked
Rangpur_North,25.75,89.25,2025-02-09,0.5989776609702333,0.5418496965353085,19.441875000000003,9.39,57.476875,0.258,18.14,25.36,11.04,0,55.97,0.84,8985,11.79,23,58,81,720,720,1,73,79600,2.93,1,overstocked
Rangpur_North,25.75,89.25,2025-02-25,0.6033741504291574,0.5614784412764839,22.56625,5.160000000000001,52.489999999999995,0.303,21.37,29.17,14.62,0.01,57.52,1.57,9051,14.35,28,71,99,877.5,878,1,73,97100,2.94,0,overstocked
Rangpur_North,25.75,89.25,2025-03-13,0.3500181706092944,0.3366449725161249,25.936875,3.13,47.915625000000006,0.315,23.42,30.63,17.72,1.93,62.55,2.62,5250,10.92,21,54,75,660,660,1,43,73200,2.91,0,overstocked
Rangpur_North,25.75,89.25,2025-03-29,0.46516356950297366,0.46861594823389574,28.251874999999995,75.02,46.11500000000001,0.237,29.19,38.62,21,0.04,37.98,2.27,6977,14.08,28,70,98,875,875,1,56,96600,2.98,2,overstocked
Rangpur_North,25.75,89.25,2025-04-14,0.5102443011127019,0.49449387485397167,28.003125,135.05000000000004,66.045625,0.181,27.06,32.74,21.64,1.81,65.37,1.41,7654,13.89,27,69,96,847.5,848,1,62,93900,2.94,3,overstocked
Rangpur_North,25.75,89.25,2025-04-30,0.544351158997243,0.4944700306084855,28.220625,187.03000000000003,70.16187500000001,0.335,26.57,31.61,21.27,0.81,69.7,1.91,8165,6.51,13,32,45,405,405,1,65,44600,2.98,0,overstocked
Rangpur_North,25.75,89.25,2025-05-16,0.47851290321682227,0.4327863058909953,27.771875,342.3399999999999,84.75062500000001,0.333,28.48,32.39,25.01,13.51,81.99,1.49,7178,14.54,29,72,101,905,905,1,57,99800,2.98,0,overstocked
Rangpur_North,25.75,89.25,2025-06-01,0.8044716928817077,0.7736390752472017,29.609375,157.96000000000004,80.47187499999998,0.344,29.36,32.86,26.48,23.87,86.1,2.51,12067,11.4,22,56,78,690,690,1,99,76400,2.91,0,overstocked
Rangpur_North,25.75,89.25,2025-06-17,0.7641492762276793,0.7296383870913435,28.949375,181.01,87.05187500000001,0.45,28.51,30.89,26.27,11.89,89.04,2.81,11462,14.33,28,71,99,877.5,878,1,93,97100,2.95,0,overstocked
Rangpur_North,25.75,89.25,2025-07-03,0.8452951074229161,0.8057056318057342,28.823749999999997,133.95,85.91624999999999,0.45,29.34,32.25,26.42,5.8,86.14,2.4,12679,12.21,24,61,85,752.5,753,1,102,83300,2.97,0,overstocked
Rangpur_North,25.75,89.25,2025-07-19,0.7520366499637281,0.6785943671200418,29.460624999999997,254.63000000000002,86.05562499999999,0.45,29.4,32.82,27.01,19.12,87.75,2.32,11281,14.32,28,71,99,877.5,878,1,91,97100,2.95,0,overstocked
Rangpur_North,25.75,89.25,2025-08-04,0.811931998409608,0.7520939148160892,28.5375,299.28,87.88312499999999,0.45,28.44,31.27,26.15,21.24,90.04,2.66,12179,13.78,27,68,95,845,845,1,99,93400,2.95,0,overstocked
Rangpur_North,25.75,89.25,2025-08-20,0.7927922441772297,0.7621461480210298,28.83,132.49,86.15499999999999,0.45,28.13,30.74,25.9,9.31,89.03,1.78,11892,5.67,11,28,39,345,345,1,97,38200,2.93,0,overstocked
Rangpur_North,25.75,89.25,2025-09-05,0.7591770233561318,0.7183045535759528,28.314375000000002,124.01,89.15499999999999,0.45,29.58,32.75,26.68,5.63,84.87,0.89,11388,5.17,10,25,35,312.5,313,1,94,34500,2.9,0,overstocked
Barisal_South,22.7,90.37,2023-10-02,0.5593969441099214,0.5393698320884781,28.109375,286.43999999999994,82.81187499999999,0.369,27.88,29.49,26.63,23.78,91.94,2.7,8391,9.62,19,48,67,595,595,1,67,65800,2.97,0,overstocked
Barisal_South,22.7,90.37,2023-10-18,0.5596153225422528,0.5279591567148039,25.880625000000002,56.129999999999995,80.83687499999999,0.404,27.35,30.37,24.33,0.02,75.18,1.11,8394,11.41,22,57,79,692.5,693,1,69,76900,2.93,0,overstocked
Barisal_South,22.7,90.37,2023-11-03,0.5822852398404839,0.5651444445145841,24.0625,192.23,82.47874999999999,0.275,26.06,29.23,22.9,0.05,81.78,1.66,8734,12.88,25,64,89,785,785,1,71,87000,2.94,1,overstocked
Barisal_South,22.7,90.37,2023-11-19,0.4274845366081223,0.39515535034599036,22.89875,1.8000000000000003,80.95062499999999,0.249,24.09,27.51,20.35,1.37,83.6,1.39,6412,9.56,19,47,66,592.5,593,1,51,65300,2.97,2,overstocked
Barisal_South,22.7,90.37,2023-12-05,0.6621307992408051,0.6013378032788309,19.435000000000002,48.790000000000006,84.235,0.404,22.37,24.61,20.79,23.52,86.79,2.36,9932,5.34,10,26,36,315,315,1,84,35000,2.85,0,overstocked
Barisal_South,22.7,90.37,2023-12-21,0.5952284285302588,0.5379142231941539,19.516875,0.01,80.64875,0.432,19.62,23.88,14.97,0,78.57,1.13,8928,8.88,17,44,61,535,535,1,74,59400,2.91,0,overstocked
Barisal_South,22.7,90.37,2024-01-06,0.6299865499021192,0.5930397028205245,17.059375,6.92,82.18562499999999,0.263,18.28,23.58,13.25,0,81.69,2.19,9450,12.32,24,61,85,752.5,753,1,77,83300,2.94,1,overstocked
Barisal_South,22.7,90.37,2024-01-22,0.6852291854477595,0.6621418458360419,18.143125,27.08,76.97499999999998,0.268,15.33,20.67,11.1,0,76.9,2.58,10278,12.86,25,64,89,785,785,1,84,87000,2.94,1,overstocked
Barisal_South,22.7,90.37,2024-02-07,0.5840071310417037,0.5486056539498937,20.996874999999996,7.29,72.903125,0.3,21.08,24.88,18.02,0,84.21,1.51,8760,10.21,20,51,71,627.5,628,1,71,69500,2.96,0,overstocked
Barisal_South,22.7,90.37,2024-02-23,0.6642931258876531,0.6438033108178923,23.1175,16.29,65.605625,0.373,23.22,27,20.56,8.55,85.56,1.49,9964,12.99,25,64,89,785,785,1,82,87000,2.91,0,overstocked
Barisal_South,22.7,90.37,2024-03-10,0.48630036801612075,0.44071491691903414,25.598125,44.980000000000004,70.25500000000001,0.401,22.28,28.55,17.5,0,52.06,2.09,7295,7.05,14,35,49,437.5,438,1,58,48300,2.98,0,overstocked
Barisal_South,22.7,90.37,2024-03-26,0.527462143693794,0.4839284643606552,28.913125,34.06999999999999,73.50375000000001,0.197,26.98,32.25,22.88,7.21,78.46,1.74,7912,10.87,21,54,75,660,660,1,65,73200,2.93,3,overstocked
Barisal_South,22.7,90.37,2024-04-11,0.4721677281823261,0.456552382634774,31.283750000000005,16.28,62.675625,0.328,29.55,35.46,23.82,0,48.46,1.41,7083,8.26,16,41,57,502.5,503,1,58,55700,2.93,0,overstocked
Barisal_South,22.7,90.37,2024-04-27,0.45143885141550544,0.4399369725288294,30.330000000000005,204.58999999999997,73.48937500000001,0.154,32.05,38.73,27.12,0.06,66.67,3.08,6772,9.36,18,46,64,565,537,0.95,59,62600,2.91,3,overstocked
Barisal_South,22.7,90.37,2024-05-13,0.5107275987465191,0.4983802682973254,29.801875,299.48,81.25875000000002,0.141,28.65,32.11,25.78,6.96,79.19,1.35,7661,13.77,27,68,95,845,845,1,62,93400,2.95,4,overstocked
Barisal_South,22.7,90.37,2024-05-29,0.5280306530625722,0.4817501724833528,29.480625,158.53,88.053125,0.356,29.96,32.06,28.82,23.1,90.72,5.14,7920,12.32,24,61,85,752.5,753,1,64,83300,2.94,0,overstocked
Barisal_South,22.7,90.37,2024-06-14,0.8197366992072976,0.7714497461319085,29.211249999999996,256.77000000000004,88.70312500000001,0.342,29.56,31.46,28.33,18.1,91.33,3.89,12296,13.29,26,66,92,815,815,1,100,90200,2.95,0,overstocked
Barisal_South,22.7,90.37,2024-06-30,0.8394434091647444,0.7784974741772404,28.521250000000002,498.7199999999999,90.71374999999999,0.45,28.66,29.7,27.98,38.1,93.57,5.01,12592,8.89,17,44,61,535,535,1,104,59400,2.9,0,overstocked
Barisal_South,22.7,90.37,2024-07-16,0.8031736981659345,0.7668361049289543,29.019999999999996,208.05,88.644375,0.45,29.1,31.48,27.67,3.05,89.87,3.75,12048,14.27,28,71,99,877.5,878,1,97,97100,2.96,0,overstocked
Barisal_South,22.7,90.37,2024-08-01,0.7923286798145375,0.7476658754267805,28.226875,642.63,91.31375000000001,0.45,28.07,29.11,27.32,180.25,94.06,6.22,11885,5.47,10,27,37,317.5,318,1,102,35500,2.82,0,overstocked
Barisal_South,22.7,90.37,2024-08-17,0.8200397901204289,0.786095721403,27.741875000000004,644.87,91.58624999999999,0.45,27.75,29.56,26.2,82.72,91.2,2.96,12301,13.97,27,69,96,847.5,848,1,101,93900,2.92,0,overstocked
Barisal_South,22.7,90.37,2024-09-02,0.7594822330913695,0.7315951725807105,28.499999999999996,487.36,89.3225,0.45,28.3,29.95,27.02,10.39,86.27,1.17,11392,6.59,13,32,45,405,405,1,92,44600,2.94,0,overstocked
Barisal_South,22.7,90.37,2024-09-18,0.8017842461714916,0.7542177568718512,28.623125,281.16,89.28499999999998,0.45,29.08,31.6,26.21,3.1,85.37,1.09,12027,7.79,15,38,53,470,470,1,99,52000,2.9,0,overstocked
Barisal_South,22.7,90.37,2024-10-04,0.590474227348283,0.5722605977124188,28.194375,161.76,83.51875,0.45,28.07,29.84,26.94,26.25,90.14,3.7,8857,12.97,25,64,89,785,785,1,73,87000,2.91,0,overstocked
Barisal_South,22.7,90.37,2024-10-20,0.5690600312740297,0.5280407920153496,27.050624999999997,121.39000000000001,85.05125000000001,0.394,27.17,29.03,25.35,9.8,86.01,1.64,8536,6.15,12,30,42,375,375,1,69,41400,2.93,0,overstocked
Barisal_South,22.7,90.37,2024-11-05,0.5454820669697398,0.5103596541468877,24.112499999999997,11.119999999999997,80.45125,0.413,26.65,29.27,23.48,4.8,83.26,1.47,8182,6.15,12,30,42,375,375,1,67,41400,2.93,0,overstocked
Barisal_South,22.7,90.37,2024-11-21,0.44749915555496234,0.446995400101054,21.596249999999998,1.1600000000000001,79.221875,0.389,21.84,26.38,17.48,0,74.47,1.61,6712,14.09,28,70,98,875,875,1,54,96600,2.98,0,overstocked
Barisal_South,22.7,90.37,2024-12-07,0.533251355866157,0.49506763415734584,18.50125,2.34,79.95625000000001,0.263,19.21,24.47,14.64,0,72.07,2.27,7999,10.33,20,51,71,627.5,628,1,65,69500,2.92,1,overstocked
Barisal_South,22.7,90.37,2024-12-23,0.5481585562859986,0.520858956668555,18.683124999999997,0.22,80.91375,0.284,18.17,23.96,13.28,0.21,78.52,2.29,8222,13.68,27,68,95,845,845,1,66,93400,2.97,1,overstocked
Barisal_South,22.7,90.37,2025-01-08,0.5935050212775983,0.5478047943139149,18.475624999999997,0.01,75.61562500000001,0.281,18.54,23.34,14.8,0,83.19,2.1,8903,6.69,13,33,46,407.5,408,1,73,45100,2.93,1,overstocked
Barisal_South,22.7,90.37,2025-01-24,0.5561405526588358,0.5174968889942559,20.532500000000002,2.4,71.38874999999999,0.265,19.26,24.67,14.12,0,75.26,1.61,8342,14.35,28,71,99,877.5,878,1,68,97100,2.94,1,overstocked
Barisal_South,22.7,90.37,2025-02-09,0.6209561072072007,0.5988799932852865,23.678125,2.66,66.855625,0.303,19.95,26.13,13.04,0,52.48,1.42,9314,10.25,20,51,71,627.5,628,1,76,69500,2.95,0,overstocked
Barisal_South,22.7,90.37,2025-02-25,0.5451753482186876,0.5092871189142597,25.939375000000005,1.98,57.436875,0.278,24.45,30.95,18.55,0.01,55.98,1.62,8178,5.89,11,29,40,347.5,348,1,69,38700,2.85,1,overstocked
Barisal_South,22.7,90.37,2025-03-13,0.45986267846544027,0.427059878916155,28.481875,6.62,64.47125,0.295,28.36,34.99,22.97,0,72.01,3.56,6898,14.36,28,71,99,877.5,878,1,56,97100,2.94,1,overstocked
Barisal_South,22.7,90.37,2025-03-29,0.5433510811191516,0.5225785976089051,29.475624999999997,18.25,65.243125,0.175,29.63,36.57,24.31,0,70.42,2.9,8150,12.26,24,61,85,752.5,753,1,66,83300,2.95,3,overstocked
Barisal_South,22.7,90.37,2025-04-14,0.4695051009190783,0.458987996272335,28.573750000000004,198.51999999999998,79.63500000000002,0.212,29.34,32.31,26.97,2.41,63.66,1.1,7043,13.71,27,68,95,845,845,1,57,93400,2.96,2,overstocked
Barisal_South,22.7,90.37,2025-04-30,0.5499177271815738,0.5389650586955913,28.83,85.07999999999998,78.75,0.33,27.36,30.01,25.04,16.97,79.95,1.19,8249,6.06,12,30,42,375,375,1,66,41400,2.97,0,overstocked
Barisal_South,22.7,90.37,2025-05-16,0.5477635251806937,0.5069451044226365,28.655,485.65999999999997,87.16187499999998,0.334,29.19,32.42,26.88,11.31,85.13,2.59,8216,8.47,16,42,58,505,505,1,68,56200,2.88,0,overstocked
Barisal_South,22.7,90.37,2025-06-01,0.7597482996884131,0.6853334743453934,28.844375,224.43,87.558125,0.329,29.04,30.74,27.92,28.99,89.94,2.9,11396,10.59,21,52,73,655,655,1,92,72200,2.96,0,overstocked
Barisal_South,22.7,90.37,2025-06-17,0.7753343507565765,0.741108247504909,28.218124999999997,457.98,91.08937500000002,0.45,28.01,29.31,27.04,72.87,91.33,4.09,11630,7.83,15,39,54,472.5,473,1,96,52500,2.91,0,overstocked
Barisal_South,22.7,90.37,2025-07-03,0.7512373163500301,0.6857657161378784,27.956874999999997,662.1099999999999,91.28812499999998,0.45,28.5,30.64,27.12,13.64,89.41,4.48,11269,10.95,21,54,75,660,660,1,93,73200,2.9,0,overstocked
Barisal_South,22.7,90.37,2025-07-19,0.8144467424008489,0.7731111026206442,28.53875,434.28000000000003,89.86249999999998,0.45,28.27,30.81,26.4,8.44,88.31,2.35,12217,10.36,20,51,71,627.5,628,1,100,69500,2.91,0,overstocked
Barisal_South,22.7,90.37,2025-08-04,0.7932487252676192,0.7343884625643025,28.178125,244.79999999999998,88.575,0.45,28.49,29.97,27.24,16.76,91.43,3.09,11899,14.46,28,72,100,880,880,1,97,97600,2.93,0,overstocked
Barisal_South,22.7,90.37,2025-08-20,0.7702828313043362,0.6948920983213307,28.120625000000004,276.84,88.526875,0.45,28.14,30.21,26.92,29.01,90.12,3.91,11554,13.86,27,69,96,847.5,848,1,94,93900,2.94,0,overstocked
Barisal_South,22.7,90.37,2025-09-05,0.7776371537384918,0.713125768504606,28.35125,103.02,85.84125,0.45,28.62,31.52,26.83,4.05,86.99,2.14,11665,11.06,22,55,77,687.5,688,1,93,75900,2.98,0,overstocked